brand;model;license_plate;engine_model;engine_code;gearbox_type;tyre
Renault;Twingo;AAA001;1.2L 60 hp;D7F;MT;165/65 R14
Renault;Twingo;AAA002;1.2L 75 hp;D4F;MT;165/65 R14
Renault;Twingo;AAA003;1.5L dCi 65 hp;K9KBP;MT;165/65 R14
Renault;Twingo;AAA004;1.2L 75 hp AT;D4F;AT 5;165/65 R14
Renault;Twingo;AAA005;1.5L dCi 85 hp;K9KHP;MT;165/65 R14
Renault;Twingo;AAA006;1.2L TCe 100 hp;D4FT;MT;185/65 R15
Renault;Twingo;AAA007;1.6L 130 hp;K4MRS;MT;195/45 R16
Renault;Clio Campus 3p Exp;AAA008;1.5L dCi 65 hp;K9KBP;MT;175/65 R14
Renault;Clio Campus 3p Dyn;AAA009;1.5L dCi 65 hp;K9KBP;MT;185/55 R15
Renault;Clio Campus 5p Exp;AAA010;1.5L dCi 65 hp;K9KBP;MT;175/65 R14
Renault;Clio Campus 5p Dyn;AAA011;1.5L dCi 65 hp;K9KBP;MT;185/55 R15
Renault;Clio;AAA012;1.2L 75 hp;D4F;MT;165/65 R15
Renault;Clio;AAA013;1.5L dCi 70 hp;K9KBP;MT;185/60 R15
Renault;Clio;AAA014;1.2L TCe 100 hp;D4FT;MT;185/60 R15
Renault;Clio;AAA015;1.5L dCi 85 hp;K9KHP;MT;185/60 R15
Renault;Clio Exc;AAA016;1.2L TCe 100 hp;D4FT;MT;195/50 R16
Renault;Clio Exc;AAA017;1.5L dCi 85 hp;K9KHP;MT;195/50 R16
Renault;Clio Exc;AAA018;1.6L 110 hp AT;K4M;AT 4;195/50 R16
Renault;Clio  Exc;AAA019;1.5L dCi 105 hp;K9KTHP;MT 6;195/50 R16
Renault;Clio GT 3p.;AAA020;1.6L 130 hp;K4MRS;MT 6;195/50 R16
Renault;Clio RS 3p.;AAA021;2.0L 200 hp;F4R;MT 6;215/45 R17
Renault;Clio Grand Tour;AAA022;1.2L 75 hp;D4F;MT;165/65 R15
Renault;Clio Grand Tour;AAA023;1.5L dCi 70 hp;K9KBP;MT;185/60 R15
Renault;Clio Grand Tour;AAA024;1.2L TCe 100 hp;D4FT;MT;185/60 R15
Renault;Clio Grand Tour;AAA025;1.5L dCi 85 hp;K9KHP;MT;185/60 R15
Renault;Clio Grand Tour Exc;AAA026;1.2L TCe 100 hp;D4FT;MT;195/50 R16
Renault;Clio Grand Tour Exc;AAA027;1.5L dCi 85 hp;K9KHP;MT;195/50 R16
Renault;Clio Grand Tour Exc;AAA028;1.6L 110 hp AT;K4M;AT 4;195/50 R16
Renault;Clio Grand Tour Exc;AAA029;1.5L dCi 105 hp;K9KTHP;MT 6;195/50 R16
Renault;Kangoo Bebop;AAA030;1.6L 105 hp;K4M;MT;205/60 R16
Renault;Kangoo Bebop;AAA031;1.5L dCi 105 hp;K9KTHP;MT 6;205/60 R16
Renault;Modus;AAA032;1.2L 75 hp;D4F;MT;165/65 R15
Renault;Modus;AAA033;1.5L dCi 65 hp;K9KBP;MT;185/60 R15
Renault;Modus;AAA034;1.2L TCe 100 hp;D4FT;MT;185/60 R15
Renault;Modus;AAA035;1.5L dCi 85 hp;K9KHP;MT;185/60 R15
Renault;Modus Exc;AAA036;1.2L TCe 100 hp;D4FT;MT;185/55 R16
Renault;Modus Exc;AAA037;1.5L dCi 85 hp;K9KHP;MT;185/55 R16
Renault;Modus Exc;AAA038;1.6L 110 hp AT;K4M;AT 4;185/55 R16
Renault;Modus;AAA039;1.5L dCi 105 hp;K9KTHP;MT 6;185/60 R15
Renault;Modus Exc;AAA040;1.5L dCi 105 hp;K9KTHP;MT 6;185/55 R16
Renault;Megane 3 Berline;AAA041;1.6L 100 hp;K4M;MT;195/65 R15
Renault;Megane 3 Berline;AAA042;1.5L dCi 85 hp;K9KHP;MT;195/65 R15
Renault;Megane 3 Berline;AAA043;1.6L 110 hp;K4M;MT 6;195/65 R15
Renault;Megane 3 Berline Dyn;AAA044;1.6L 110 hp;K4M;MT 6;205/55 R16
Renault;Megane 3 Berline;AAA045;1.5L dCi 105 hp;K9KTHP;MT 6;195/65 R15
Renault;Megane 3 Berline Dyn;AAA046;1.5L dCi 105 hp;K9KTHP;MT 6;205/55 R16
Renault;Megane 3 Berline Dyn;AAA047;2.0L 140 hp hpT;M4R;hpT;205/55 R16
Renault;Megane 3 Berline Dyn;AAA048;2.0L TCe 180 hp;F4RTK;MT 6;205/45 R17
Renault;Megane 3 Berline Dyn;AAA049;1.9L dCi 130 hp;F9Q;MT 6;205/55 R16
Renault;Megane 3 Coupé;AAA050;1.6L 110 hp;K4M;MT 6;205/55 R16
Renault;Megane 3 Coupé;AAA051;1.5L dCi 85 hp;K9KHP;MT;205/55 R16
Renault;Megane 3 Coupé Dyn;AAA052;1.6L 110 hp;K4M;MT 6;205/50 R17
Renault;Megane 3 Coupé;AAA053;1.5L dCi 105 hp;K9KTHP;MT 6;205/55 R16
Renault;Megane 3 Coupé Dyn;AAA054;1.5L dCi 105 hp;K9KTHP;MT 6;205/50 R17
Renault;Megane 3 Coupé Dyn;AAA055;2.0L 140 hp hpT;M4R;hpT;205/55 R16
Renault;Megane 3 Coupé Dyn;AAA056;2.0L TCe 180 hp;F4RTK;MT 6;225/45 R17
Renault;Megane 3 Coupé Dyn;AAA057;1.9L dCi 130 hp;F9Q;MT 6;205/50 R17
Renault;Megane 2 (2003);AAA058;1.4L 100 hp;K7J;MT;195/65 R15
Renault;Megane 2 (2003) Dyn;AAA059;1.4L 100 hp;K7J;MT;205/55 R16
Renault;Megane 2 (2003);AAA060;1.6L 110 hp;K4M;MT;195/65 R15
Renault;Megane 2 (2003) Dyn;AAA061;1.6L 110 hp;K4M;MT;205/55 R16
Renault;Megane 2 (2003);AAA062;2.0L 130 hp;F4R;MT 6;205/55 R16
Renault;Megane 2 (2003);AAA063;1.5L dCi 80 hp;K9KHP;MT;195/65 R15
Renault;Megane 2 (2003) Dyn;AAA064;1.5L dCi 80 hp;K9KHP;MT;205/55 R16
Renault;Megane 2 (2003);AAA065;1.9L dCi 120 hp;F9Q;MT 6;165/55 R15
Renault;Megane 2 (2003) Dyn;AAA066;1.9L dCi 120 hp;F9Q;MT 6;205/55 R16
Renault;Megane 2 (2006);AAA067;1.5L dCi 100 hp;K9KTHP;MT;195/65 R15
Renault;Megane 2 (2006) Dyn;AAA068;1.5L dCi 100 hp;K9KTHP;MT;205/55 R16
Renault;Megane 2 Grand Tour;AAA069;1.4L 100 hp;K7J;MT;195/65 R15
Renault;Megane 2 Grand Tour Dyn;AAA070;1.4L 100 hp;K7J;MT;205/55 R16
Renault;Megane 2 Grand Tour;AAA071;1.6L 110 hp;K4M;MT;195/65 R15
Renault;Megane 2 Grand Tour Proactiva;AAA072;1.6L 110 hp AT;K4M;AT 4;195/65 R15
Renault;Megane 2 Grand Tour Dyn;AAA073;1.6L 110 hp;K4M;MT;205/55 R16
Renault;Megane 2 Grand Tour Dyn Proactiva;AAA074;1.6L 110 hp AT;K4M;AT 4;205/55 R16
Renault;Megane 2 Grand Tour;AAA075;2.0L 130 hp;F4R;MT 6;195/65 R16
Renault;Megane 2 Grand Tour Proactiva;AAA076;2.0L 130 hp AT;F4R;AT 4;195/65 R16
Renault;Megane 2 Grand Tour Dyn;AAA077;2.0L 130 hp;F4R;MT 6;205/55 R16
Renault;Megane 2 Grand Tour Dyn Proactiva;AAA078;2.0L 130 hp AT;F4R;AT 4;205/55 R16
Renault;Megane 2 Grand Tour;AAA079;1.5L dCi 80 hp;K9KHP;MT;195/65 R15
Renault;Megane 2 Grand Tour Dyn;AAA080;1.5L dCi 80 hp;K9KHP;MT;205/55 R16
Renault;Megane 2 Grand Tour;AAA081;1.9L dCi 120 hp;F9Q;MT 6;195/65 R15
Renault;Megane 2 Grand Tour Dyn;AAA082;1.9L dCi 120 hp;F9Q;MT 6;205/55 R16
Renault;Megane 2 (2006);AAA083;2.0L dCi 150 hp;M9RA;MT 6;195/65 R15
Renault;Megane 2 (2006) Dyn;AAA084;2.0L dCi 150 hp;M9RA;MT 6;205/55 R16
Renault;Megane 2 RS;AAA085;2.0L T 225 hp;F4RT;MT 6;225/40 R18 92 Y
Renault;Megane 2 R26.R;AAA086;2.0L T 230 hp;F4RT;MT 6;235/40 R18 95 Y
Renault;Megane 2 CC;AAA087;1.6L 110 hp;K4M;MT;195/65 R15
Renault;Megane 2 CC Dyn;AAA088;1.6L 110 hp;K4M;MT;205/55 R16
Renault;Megane 2 CC Dyn;AAA089;2.0L 130 hp;F4R;MT 6;205/55 R16
Renault;Megane 2 CC;AAA090;1.9L dCi 120 hp;F9Q;MT 6;195/65 R15
Renault;Megane 2 CC Dyn;AAA091;1.9L dCi 120 hp;F9Q;MT 6;205/60 R16
Renault;Megane 2 CC;AAA092;2.0L T 160 hp;F4RT;MT 6;205/55 R16
Renault;Scenic;AAA093;1.6L 110 hp;K4M;MT 6;205/60 R15
Renault;Scenic;AAA094;1.5L dCi 85 hp;K9KHP;MT 6;205/60 R15
Renault;Scenic;AAA095;1.5L dCi 105 hp;K9KTHP;MT 6;205/60 R15
Renault;Scenic Dyn;AAA096;1.5L dCi 105 hp;K9KTHP;MT 6;205/60 R16
Renault;Scenic;AAA097;1.4L Tce 130 hp;H4JT;MT 6;205/60 R16
Renault;Scenic;AAA098;2.0L 140 hp hpT;F4R;hpT;205/60 R16
Renault;Scenic;AAA099;1.9L dCi 130 hp;F9Q;MT 6;205/60 R16
Renault;Scenic;AAA100;2.0L dCi 160 hp;M9RB;MT 6;225/50 R17
Renault;Scenic;AAA101;2.0L dCi 150 hp AT;M9RB;AT 6;225/50 R17
Renault;Grand Scénic 5 pl.;AAA102;1.6L 110 hp;K4M;MT 6;205/60 R16 96 H
Renault;Grand Scénic 7 pl.;AAA103;1.6L 110 hp;K4M;MT 6;205/60 R16
Renault;Grand Scénic 5 pl.;AAA104;1.5L dCi 105 hp;K9KTHP;MT 6;205/60 R16
Renault;Grand Scénic 7 pl.;AAA105;1.5L dCi 105 hp;K9KTHP;MT 6;205/60 R16
Renault;Grand Scénic 7 pl. Dyn;AAA106;1.4L TCe 130 hp;H4JT;MT 6;205/60 R16
Renault;Grand Scénic 5 pl. Dyn;AAA107;1.9L dCi 130 hp;F9Q;MT 6;205/60 R16
Renault;Grand Scénic 7 pl. Dyn;AAA108;1.9L dCi 130 hp;F9Q;MT 6;205/60 R16
Renault;Grand Scénic 7 pl.;AAA109;2.0L 140 hp hpT;F4R;hpT;205/60 R16
Renault;Grand Scénic 7 pl.;AAA110;2.0L dCi 160 hp;M9RB;MT 6;225/50 R17 98 V
Renault;Grand Scénic 7 pl.;AAA111;2.0L dCi 150 hp AT;M9RB;AT 6;225/50 R17 98 V
Renault;Scénic (2006) 5 pl.;AAA112;1.4L 100 hp;K7J;MT;195/65 R 15
Renault;Scénic (2006) 5 pl.;AAA113;1.6L 110 hp;K4M;MT;195/65 R 15
Renault;Scénic (2006) 5 pl. Dyn;AAA114;1.6L 110 hp;K4M;MT;205/55 R 16
Renault;Scénic (2006) 5 pl.;AAA115;1.6L 110 hp AT;K4M;AT 4;205/55 R 16
Renault;Scénic (2006) 5 pl.;AAA116;2.0L 135 hp;F4R;MT 6;205/60 R16
Renault;Scénic (2006) 5 pl.;AAA117;2.0L T 165 hp;F4RT;MT 6;205/60 R16
Renault;Scénic (2006) 5 pl.;AAA118;1.5L dCi 85 hp;K9KHP;MT;195/65 R15
Renault;Scénic (2006) 5 pl.;AAA119;1.5L dCi 105 hp;K9KTHP;MT 6;195/65 R15
Renault;Scénic (2006) 5 pl. Dyn;AAA120;1.5L dCi 85 hp;K9KHP;MT;205/55 R16
Renault;Scénic (2006) 5 pl. Dyn;AAA121;1.5L dCi 105 hp;K9KTHP;MT 6;205/55 R16
Renault;Scénic (2006) 5 pl.;AAA122;1.9L dCi 130 hp;F9Q;MT 6;205/60 R16
Renault;Scénic (2006) 5 pl. Dyn;AAA123;1.9L dCi 130 hp AT;F9Q;AT 4;205/60 R16
Renault;Scénic (2006) 5 pl. Dyn;AAA124;2.0L dCi 150 hp;M9RA;MT 6;205/60 R16
Renault;Scénic (2006) 5 pl. Dyn;AAA125;2.0L dCi 150 hp AT;M9RA;AT 6;205/60 R16
Renault;Grand Scénic (2006) 5 pl.;AAA126;1.6L 110 hp;K4M;MT;205/60 R16
Renault;Grand Scénic (2006) 5 pl.;AAA127;2.0L 135 hp;F4R;MT 6;205/60 R16
Renault;Grand Scénic (2006) 5 pl.;AAA128;2.0L T 165 hp;F4RT;MT 6;205/60 R16
Renault;Grand Scénic (2006) 5 pl.;AAA129;2.0L 135 hp AT;F4R;AT 4;205/60 R16
Renault;Grand Scénic (2006) 5 pl.;AAA130;1.5L dCi 105 hp;K9KTHP;MT 6;205/60 R16
Renault;Grand Scénic (2006) 5 pl.;AAA131;1.9L dCi 130 hp;F9Q;MT 6;205/60 R16
Renault;Grand Scénic (2006) 5 pl.;AAA132;1.9L dCi 130 hp AT;F9Q;AT 4;205/60 R16
Renault;Grand Scénic (2006) 5 pl.;AAA133;2.0L dCi 150 hp;M9RA;MT 6;205/60 R16
Renault;Grand Scénic (2006) 5 pl.;AAA134;2.0L dCi 150 hp AT;M9RA;AT 6;205/60 R16
Renault;Grand Scénic (2006) 7 pl.;AAA135;1.6L 110 hp;K4M;MT;205/60 R16
Renault;Grand Scénic (2006) 7 pl.;AAA136;2.0L 135 hp;F4R;MT 6;205/60 R16
Renault;Grand Scénic (2006) 7 pl.;AAA137;2.0L T 165 hp;F4RT;MT 6;205/60 R16
Renault;Grand Scénic (2006) 7 pl.;AAA138;2.0L 135 hp AT;F4R;AT 4;205/60 R16
Renault;Grand Scénic (2006) 7 pl.;AAA139;1.5L dCi 105 hp;K9KTHP;MT 6;205/60 R16
Renault;Grand Scénic (2006) 7 pl.;AAA140;1.9L dCi 130 hp;F9Q;MT 6;205/60 R16
Renault;Grand Scénic (2006) 7 pl.;AAA141;1.9L dCi 130 hp AT;F9Q;AT 4;205/60 R16
Renault;Grand Scénic (2006) 7 pl.;AAA142;2.0L dCi 150 hp;M9RA;MT 6;205/60 R16
Renault;Grand Scénic (2006) 7 pl.;AAA143;2.0L dCi 150 hp AT;M9RA;AT 6;205/60 R16
Renault;Koleos;AAA144;2.5L 170 hp 4x2;0;MT 6;225/60 R17 99 H
Renault;Koleos;AAA145;2.0L dCi 150 hp 4x2;M9RA;MT 6;225/60 R17 99 H
Renault;Koleos;AAA146;2.5L 170 hp 4x4;0;MT 6;225/60 R17 99 H
Renault;Koleos;AAA147;2.0L dCi 150 hp 4x4;M9RA;MT 6;225/60 R17 99 H
Renault;Koleos;AAA148;2.0L dCi 175 hp 4x4;M9RB;MT 6;225/60 R17 99 H
Renault;Koleos;AAA149;2.0L dCi 150 hp 4x4 AT;M9RA;AT 6;225/60 R17 99 H
Renault;Vel Satis;AAA150;2.0L T 170 hp;F4RT;MT 6;225/55 R17
Renault;Vel Satis;AAA151;2.0L T 170 hp AT;F4RT;AT 5;255/55 R17
Renault;Vel Satis;AAA152;3.5L V6 240 hp AT;V4Y;AT 5;245/45 R18
Renault;Vel Satis;AAA153;2.2L dCi 150 hp AT;G9T;AT 5;225/55 R17
Renault;Vel Satis;AAA154;2.0L dCi 150 hp;M9RA;MT 6;225/55 R17
Renault;Vel Satis;AAA155;2.0L dCi 175 hp;M9RB;MT 6;225/55 R17
Renault;Vel Satis;AAA156;3.0L dCi V6 180 hp AT;P9X;AT 6;225/55 R17
Renault;Espace;AAA157;2.0L 136 hp;F4R;MT 6;225/60 R16
Renault;Espace;AAA158;2.0L T 170 hp;F4RT;MT 6;225/60 R16
Renault;Espace Imp.;AAA159;2.0L T 170 hp;F4RT;MT 6;225/55 R17
Renault;Espace;AAA160;2.0L T 170 hp AT;F4RT;AT 5;225/55 R17
Renault;Espace;AAA161;3.5L V6 240 hp AT;V4Y;AT 5;225/55 R17
Renault;Espace;AAA162;2.0L dCi 130 hp;M9RA;MT 6;225/55 R17
Renault;Espace;AAA163;2.2L dCi 140 hp AT;G9T;AT 5;225/55 R17
Renault;Espace;AAA164;2.0L dCi 150 hp;M9RB;MT 6;225/55 R17
Renault;Espace;AAA165;2.2L dCi 150 hp;G9T;MT 6;225/55 R17
Renault;Espace;AAA166;2.0L dCi 175 hp;M9RB;MT 6;225/55 R17
Renault;Espace Pri.;AAA167;2.0L dCi 175 hp;M9RB;MT 6;225/55 R17
Renault;Grand Espace;AAA168;2.0L T 170 hp;F4RT;MT 6;225/60 R16
Renault;Grand Espace;AAA169;2.0L T 170 hp;F4RT;MT 6;225/55 R17
Renault;Grand Espace;AAA170;2.0L T 170 hp AT;F4RT;AT 5;225/60 R16
Renault;Grand Espace;AAA171;3.5L V6 240 hp AT;V4Y;AT 5;225/55 R17
Renault;Grand Espace;AAA172;2.2L dCi 140 hp AT;G9T;AT 5;225/55 R17
Renault;Grand Espace;AAA173;2.0L dCi 150 hp;M9RA;MT 6;225/55 R17
Renault;Grand Espace;AAA174;2.0L dCi 175 hp;M9RB;MT 6;225/55 R17
Renault;Grand Espace Pri.;AAA175;2.0L dCi 175 hp;M9RB;MT 6;225/55 R17
Renault;Laguna;AAA176;1.6L 110 hp;K4M;MT 6;195/60 R16
Renault;Laguna;AAA177;1.5L dCi 110 hp;K9KTHP;MT 6;195/60 R16
Renault;Laguna;AAA178;2.0L dCi 130 hp;M9RA;MT 6;195/60 R16
Renault;Laguna;AAA179;2.0L 140 hp;F4R;MT 6;205/60 R16
Renault;Laguna Exp. Techno;AAA180;1.5L dCi 110 hp;K9KTHP;MT 6;205/60 R16
Renault;Laguna Dyn.;AAA181;2.0L 140 hp;F4R;MT 6;215/50 R17
Renault;Laguna Exp. Techno;AAA182;2.0L dCi 130 hp;M9RA;MT 6;205/60 R16
Renault;Laguna Dyn.;AAA183;2.0L dCi 130 hp;M9RA;MT 6;215/50 R17
Renault;Laguna;AAA184;2.0L dCi 150 hp;M9RA;MT 6;205/60 R16
Renault;Laguna Dyn.;AAA185;2.0L dCi 150 hp;M9RA;MT 6;215/50 R17
Renault;Laguna Dyn.;AAA186;2.0L dCi 150 hp AT;M9RA;AT 6;215/50 R17
Renault;Laguna;AAA187;2.0L dCi 175 hp;M9RB;MT 6;215/50 R17
Renault;Laguna Pri.;AAA188;2.0L dCi 150 hp AT;M9RA;AT 6;215/50 R17
Renault;Laguna;AAA189;2.0L T 170 hp AT;F4RT;AT 6;215/50 R17
Renault;Laguna GT;AAA190;2.0L dCi 180 hp;M9RB;MT 6;225/45 R18
Renault;Laguna GT;AAA191;2.0L T 205 hp;F4RT;MT 6;225/45 R18
Renault;Laguna Coupé;AAA192;2.0L dCi 150 hp;M9RA;MT 6;215/50 R17
Renault;Laguna Coupé;AAA193;2.0L dCi 175 hp;M9RB;MT 6;215/50 R17
Renault;Laguna Coupé;AAA194;2.0L dCi 150 hp AT;M9RA;AT 6;215/50 R17
Renault;Laguna Coupé GT;AAA195;2.0L dCi 180 hp;M9RB;MT 6;225/45 R18
Renault;Laguna Coupé;AAA196;2.0L T 205 hp;F4RT;MT 6;215/50 R17
Renault;Laguna Coupé GT;AAA197;2.0L T 205 hp;F4RT;MT 6;225/45 R18
Renault;Laguna Coupé;AAA198;3.5L V6 240 hp AT;V4Y;AT 6;215/50 R17
Renault;Laguna Coupé;AAA199;3.0L V6 dCi 235 hp AT;V9X;AT 6;215/50 R17
Peugeot;107 2-Tronic;AAA200;1.0L 68 hp 3 Cyl.;1KR-FE;AT 5;155/65 R14 T
Peugeot;107;AAA201;1.4L HDi 54 hp;DV4 TD;MT;155/65 R14 T
Peugeot;107 Urb.;AAA202;1.0L 68 hp 3 Cyl.;1KR-FE;MT;155/65 R14 T
Peugeot;206;AAA203;1.1L 60 hp;TU1;MT;175/65 R14
Peugeot;206;AAA204;1.4L 75 hp;TU3;MT;175/65 R14
Peugeot;206;AAA205;1.4L HDi 70 hp;DV4 TD;MT;175/65 R14
Peugeot;3008;AAA206;1.6L VTi 120 hp;EP6;MT;215/60 R16
Peugeot;3008;AAA207;1.6L THP 150 hp;EP6 DT;MT 6;215/60 R16
Peugeot;3008;AAA208;1.6L HDi FAP 110 hp;DV6 TED4;MT 6;215/60 R16
Peugeot;3008;AAA209;1.6L HDi FAP 110 hp AMT;DV6 TED4;AMT 6;215/60 R16
Peugeot;3008;AAA210;2.0L HDi FAP 150 hp;DW10;MT 6;215/60 R16
Peugeot;3008;AAA211;2.0L HDi FAP 163 hp AT;DW10;AT 6;215/60 R16
Peugeot;1007;AAA212;1.4L HDi 70 hp;DV4 TD;MT;195/50 R16
Peugeot;1007 2-Tronic;AAA213;1.6L 110 hp;TU5;AMT 5;195/50 R16
Peugeot;1007;AAA214;1.6L HDi FAP 110 hp;DV6 TED4;MT;195/50 R16
Peugeot;807 (2002) SR;AAA215;2.0L 136 hp;EW10 J4;MT;205/65 R15 H
Peugeot;807 (2002) ST;AAA216;2.0L 136 hp;EW10 J4;MT;215/60 R16
Peugeot;807 (2002) ST;AAA217;2.2L 158 hp;EW12 J4;MT;215/65 R15 H
Peugeot;807 (2002) SV;AAA218;3.0L V6 204 hp AT;ES9;AT 4;215/60 R16 H
Peugeot;807 (2002) Pullman;AAA219;3.0L V6 204 hp AT;ES9;AT 4;215/60 R16 H
Peugeot;807 (2002) SR;AAA220;2.0L HDi 110 hp;DW10 ATED;MT;215/65 R15 H
Peugeot;807 (2002) ST;AAA221;2.0L HDi 110 hp;DW10 ATED;MT;215/60 R16
Peugeot;807 (2002) SV;AAA222;2.2L HDi 130 hp;DW12A;MT 6;215/65 R15 H
Peugeot;807;AAA223;2.0L 140 hp;EW10 J4;MT;215/60 R16 H
Peugeot;807;AAA224;2.0L HDi 120 hp;DW10;MT 6;215/60 R16 H
Peugeot;807;AAA225;2.0L HDi 136 hp FAP;DW10 TED4;MT 6;215/60 R16
Peugeot;807;AAA226;2.2L HDi 170 hp FAP;DW12B;MT 6;215/60 R16
Peugeot;807;AAA227;2.2L HDi 170 hp FAP AT;DW12B;AT 6;215/60 R16
Peugeot;607 (2002);AAA228;2.2L HDi 130 hp;DW12A;MT;225/55 R16 W
Peugeot;607;AAA229;2.2L 160 hp;EW12 J4;MT;225/50 R17 Y
Peugeot;607;AAA230;3.0L V6 210 hp AT;ES9;AT 6;225/50 R17 Y
Peugeot;607;AAA231;2.0L HDi FAP 110 hp;DW10 ATED;MT;225/50 R17 Y
Peugeot;607;AAA232;2.2L HDi FAP 130 hp;DW12A;MT 6;225/50 R17 Y
Peugeot;607;AAA233;2.7L V6 HDi 200 hp FAP AT;DT17TED4 (LionV6);AT 6;225/50 R17 Y
Peugeot;4007;AAA234;2.2L HDi 156 hp FAP;DW12B;MT 6;215/70 R16
Peugeot;4007 Sport Pack.;AAA235;2.2L HDi 156 hp FAP;DW12B;MT 6;225/55 R18
Peugeot;4007;AAA236;2.4L 170 hp hpT;4B12;hpT;225/55 R18
Peugeot;407;AAA237;1.8L 125 hp;EW7 J4;MT;205/60 R16
Peugeot;407;AAA238;1.6L Hdi FAP 110 hp;DV6 TED4;MT;205/60 R16
Peugeot;407;AAA239;2.0L 140 hp;EW10;MT;215/55 R17
Peugeot;407;AAA240;2.0L HDi FAP 140 hp;DW10;MT 6;215/55 R17 W
Peugeot;407;AAA241;2.2L HDi FAP 170 hp;DW12B;MT 6;215/55 R17
Peugeot;407;AAA242;2.0L HDi FAP 136 hp AT;DW10 TED4;AT 6;215/55 R17
Peugeot;407;AAA243;2.2L 163 hp;EW12 J4;MT 6;215/55 R17
Peugeot;407;AAA244;3.0L V6 211 hp AT;ES9 /A;AT 6;235/45 R18
Peugeot;407;AAA245;2.7L V6 HDi FAP 204 hp AT;DT17TED4 (LionV6);AT 6;235/45 R18
Peugeot;407 SW;AAA246;2.0L 140 hp;EW10;MT;215/55 R17
Peugeot;407 SW;AAA247;1.6L HDi FAP 110 hp;DV6 TED4;MT;205/60 R16
Peugeot;407 SW;AAA248;2.0L HDi FAP 140 hp;DW10;MT 6;215/55 R17 W
Peugeot;407 SW;AAA249;2.2L 163 hp;EW12 J4;MT 6;215/55 R17
Peugeot;407 SW;AAA250;2.0L HDi FAP 136 hp AT;DW10 TED4;AT 6;215/55 R17
Peugeot;407 SW;AAA251;2.2L HDi FAP 170 hp;DW12B;MT 6;215/55 R17
Peugeot;407 SW;AAA252;3.0L V6 211 hp AT;ES9 /A;AT 6;235/45 R18
Peugeot;407 SW;AAA253;2.7L V6 HDi FAP 204 hp AT;DT17TED4 (LionV6);AT 6;235/45 R18
Peugeot;407 coupé;AAA254;2.2L 163 hp;EW12 J4;MT 6;215/55 R17 W
Peugeot;407 coupé Pack.;AAA255;2.2L 163 hp;EW12 J4;MT 6;235/45 R18 Y
Peugeot;407 coupé;AAA256;3.0L V6 210 hp;ES9;MT 6;235/45 R18 Y
Peugeot;407 coupé;AAA257;3.0L V6 210 hp AT;ES9;AT 6;235/45 R18 Y
Peugeot;407 coupé;AAA258;2.7L HDi V6 204 hp FAP AT;DT17TED4 (LionV6);AT 6;235/45 R18 Y
Peugeot;308;AAA259;1.4L VTi 95 hp;EP3;MT;195/65 R15
Peugeot;308;AAA260;1.6L HDi 90 hp;DV6;MT;195/65 R15
Peugeot;308 Sport;AAA261;1.6L HDi 90 hp;DV6;MT;205/55 R16
Peugeot;308;AAA262;1.6L VTi 120 hp;EP6;MT;195/65 R15
Peugeot;308 Sport;AAA263;1.6L VTi 120 hp;EP6;MT;205/55 R16
Peugeot;308 Prem. 5p;AAA264;1.6L VTi 120 hp;EP6;MT;225/45 R17
Peugeot;308 Sport 5p;AAA265;1.6L VTi 120 hp AT;EP6;AT 4;205/55 R16
Peugeot;308;AAA266;1.6L HDi FAP 110 hp;DV6;MT;195/65 R15
Peugeot;308 Sport;AAA267;1.6L HDi FAP 110 hp;DV6;MT;205/55 R16
Peugeot;308 Prem. 5p;AAA268;1.6L HDi FAP 110 hp;DV6;MT 6;225/45 R17
Peugeot;308;AAA269;1.6L THP 150 hp;EP6T;MT 6;205/55 R16
Peugeot;308 Sport;AAA270;1.6L HDi FAP 110 hp CMP;DV6;AT 6;205/55 R16
Peugeot;308;AAA271;2.0L HDi FAP 136 hp;DW10;MT 6;205/55 R16
Peugeot;308 Prem. 5p;AAA272;2.0L HDi FAP 136 hp;DW10;MT 6;225/45 R17
Peugeot;308 GT;AAA273;2.0L HDi FAP 136 hp;DW10;MT 6;205/55 R16
Peugeot;308 Prem. 5p;AAA274;2.0L HDi FAP 136 hp AT;DW10;AT 6;225/45 R17
Peugeot;308 Prem. 5p;AAA275;1.6L THP 150 hp;EP6T;MT 6;225/45 R17
Peugeot;308 GT;AAA276;1.6L THP 150 hp;EP6T;MT 6;225/40 R18
Peugeot;308 GT;AAA277;1.6L THP 175 hp;EP6T;MT 6;225/40 R18
Peugeot;308 SW;AAA278;1.4L VTi 95 hp;EP3;MT;195/65 R15
Peugeot;308 SW;AAA279;1.6L HDi 90 hp;DV6;MT;195/65 R15
Peugeot;308 SW;AAA280;1.6L VTi 120 hp;EP6;MT;195/65 R15
Peugeot;308 SW Sport;AAA281;1.6L VTi 120 hp;EP6;MT;205/55 R16
Peugeot;308 SW;AAA282;1.6L HDi FAP 110 hp;DV6;MT 6;195/65 R15
Peugeot;308 SW Sport;AAA283;1.6L VTi 120 hp AT;DV6;AT 4;205/55 R16
Peugeot;308 SW Prem.;AAA284;1.6L VTi 120 hp;EP6;MT;225/45 R17
Peugeot;308 SW;AAA285;1.6L THP 150 hp;EP6T;MT 6;215/55 R16
Peugeot;308 SW Sport;AAA286;1.6L HDi FAP 110 hp;DV6;MT 6;205/55 R16
Peugeot;308 SW Prem.;AAA287;1.6L THP 150 hp;EP6T;MT 6;225/45 R17
Peugeot;308 SW;AAA288;2.0L HDi FAP 136 hp;DW10;MT 6;215/55 R16
Peugeot;308 SW Prem.;AAA289;1.6L HDi FAP 110 hp;DV6;MT 6;225/45 R17
Peugeot;308 SW Prem.;AAA290;1.6L THP 140 hp AT;EP6T;AT 4;225/45 R17
Peugeot;308 SW Prem.;AAA291;2.0L HDi FAP 136 hp;DW10;MT 6;225/45 R17
Peugeot;308 SW Sport;AAA292;2.0L HDi FAP 136 hp AT;DW10;AT 6;215/55 R16
Peugeot;308 SW Prem.;AAA293;2.0L HDi FAP 136 hp AT;DW10;AT 6;225/45 R17
Peugeot;308 CC;AAA294;1.6L THP 150 hp;EP6T;MT 6;225/45 R17
Peugeot;308 CC;AAA295;2.0L HDi FAP 140 hp;DW10;MT 6;225/45 R17
Peugeot;308 CC Sport;AAA296;1.6L THP 150 hp;EP6T;MT 6;225/40 R18
Peugeot;308 CC Sport;AAA297;1.6L THP 140 hp AT;EP6T;AT 4;225/40 R18
Peugeot;308 CC;AAA298;2.0L HDi FAP 140 hp;DW10;MT 6;225/40 R18
Peugeot;308 CC Sport;AAA299;2.0L HDi FAP 136 hp AT;DW10;AT 6;225/40 R18
Peugeot;207;AAA300;1.4L 75 hp;TU3;MT;185/65 R15
Peugeot;207;AAA301;1.4L HDi 70 hp;DV4 TD;MT;185/65 R15
Peugeot;207;AAA302;1.4L VTi 95 hp;EP3;MT;185/65 R15
Peugeot;207;AAA303;1.6L HDi 90 hp;DV6;MT;185/65 R15
Peugeot;207 Sport;AAA304;1.6L VTi 120 hp;EP6;MT;195/55 R16
Peugeot;207 Sport;AAA305;1.6L HDi 90 hp;DV6;MT;195/55 R16
Peugeot;207;AAA306;1.6L HDi FAP 110 hp;DV6;MT;195/55 R16
Peugeot;207 Sport;AAA307;1.6L VTi 120 hp AT;EP6;AT 4;195/55 R16
Peugeot;207 GT;AAA308;1.6L HDi FAP 110 hp;DV6;MT;205/45 R17
Peugeot;207 GT;AAA309;1.6L THP 150 hp;EP6T;MT;205/45 R17
Peugeot;207 RC;AAA310;1.6L THP 175 hp;EP6T;MT;205/45 R17 W
Peugeot;207 CC;AAA311;1.6L VTi 120 hp;EP6;MT;195/55 R16 V
Peugeot;207 CC;AAA312;1.6L VTi 120 hp AT;EP6;AT 4;195/55 R16 V
Peugeot;207 CC;AAA313;1.6L HDi FAP 110 hp;DV6;MT;195/55 R16 V
Peugeot;207 CC;AAA314;1.6L THP 150 hp;EP6T;MT;205/45 R17 W
Peugeot;207 CC Sport;AAA315;1.6L HDi FAP 110 hp;DV6;MT;205/45 R17 W
Peugeot;207 SW;AAA316;1.4L 75 hp;TU3;MT;185/65 R15 T
Peugeot;207 SW;AAA317;1.4L VTi 95 hp;EP3;MT;185/65 R15 T
Peugeot;207 SW;AAA318;1.6L HDi 90 hp;DV6;MT;185/65 R15 H
Peugeot;207 SW;AAA319;1.6L VTi 120 hp;EP6;MT;195/55 R16 V
Peugeot;207 SW Sport;AAA320;1.6L HDi 90 hp;DV6;MT;195/55 R16 V
Peugeot;207 SW Outdoor;AAA321;1.6L VTi 120 hp;EP6;MT;205/55 R16 V
Peugeot;207 SW;AAA322;1.6L HDi FAP 110 hp;DV6;MT;195/55 R16 V
Peugeot;207 SW Outdoor;AAA323;1.6L HDi 90 hp;DV6;MT;205/55 R16 V
Peugeot;207 SW;AAA324;1.6L VTi 120 hp AT;EP6;AT 4;195/55 R16 V
Peugeot;207 SW Outdoor;AAA325;1.6L HDi FAP 110 hp;DV6;MT;205/55 R16 V
Nissan;Pixo;AAA326;1.0L 70 hp;;MT;155/65 R14
Nissan;Pixo;AAA327;1.0L 70 hp AT;;AT 4;155/65 R14
Nissan;Micra;AAA328;1.2L 80 hp;;MT;165/70 R14
Nissan;Micra;AAA329;1.4L 88 hp;;MT;175/60 R15
Nissan;Micra;AAA330;1.5L dCi 86 hp;;MT;165/70 R14
Nissan;Micra;AAA331;1.2L 80 hp AT;;AT 4;175/60 R15
Nissan;Micra 25 An.;AAA332;1.5L dCi 86 hp;;MT;175/60 R15
Nissan;Micra Tekna;AAA333;1.4L 88 hp;;MT;185/50 R16
Nissan;Micra Tekna;AAA334;1.4L 88 hp AT;;AT 4;185/50 R16
Nissan;Micra Tekna;AAA335;1.5L dCi 86 hp;;MT;185/50 R16
Nissan;Micra C+C;AAA336;1.4L 88 hp;;MT;175/60 R15
Nissan;Micra C+C;AAA337;1.6L 110 hp;;MT;185/50 R16
Nissan;Note;AAA338;1.4L 88 hp;;MT;185/65 R15
Nissan;Note;AAA339;1.5L dCi 86 hp;;MT;185/65 R15
Nissan;Note;AAA340;1.6L 110 hp;;MT;185/65 R15
Nissan;Note Tekna;AAA341;1.6L 110 hp;;MT;185/55 R16
Nissan;Note Tekna;AAA342;1.6L 110 hp AT;;AT 4;185/55 R16
Nissan;Note Tekna;AAA343;1.5L dCi 86 hp;;MT;185/55 R16
Nissan;Note;AAA344;1.5L dCi 105 hp;;MT 6;185/65 R15
Nissan;Note Tekna;AAA345;1.5L dCi 105 hp;;MT 6;185/55 R16
Nissan;Tiida;AAA346;1.6L 110 hp;;MT;195/65 R15
Nissan;Tiida;AAA347;1.8L 126 hp;;MT 6;195/65 R15
Nissan;Tiida;AAA348;1.5L dCi 105 hp;;MT 6;195/65 R15
Nissan;Tiida;AAA349;1.6L 110 hp AT;;AT 4;195/65 R15
Nissan;Qashqai;AAA350;1.6L 115 hp;;MT;215/65 R16
Nissan;Qashqai Acenta;AAA351;1.6L 115 hp;;MT;215/60 R17
Nissan;Qashqai Tekna Sp.;AAA352;1.6L 115 hp;;MT;215/55 R18
Nissan;Qashqai;AAA353;2.0L 140 hp;;MT 6;215/65 R16
Nissan;Qashqai Acenta;AAA354;2.0L 140 hp;;MT 6;215/60 R17
Nissan;Qashqai Tekna Sp.;AAA355;2.0L 140 hp;;MT 6;215/55 R18
Nissan;Qashqai;AAA356;2.0L 140 hp hpT;;hpT;215/65 R16
Nissan;Qashqai Acenta;AAA357;2.0L 140 hp hpT;;hpT;215/60 R17
Nissan;Qashqai Tekna Sp.;AAA358;2.0L 140 hp hpT;;hpT;215/55 R18
Nissan;Qashqai;AAA359;1.5L dCi 105 hp;;MT 6;215/65 R16
Nissan;Qashqai Acenta;AAA360;1.5L dCi 105 hp;;MT 6;215/60 R17
Nissan;Qashqai Tekna Sp.;AAA361;1.5L dCi 105 hp;;MT 6;215/55 R18
Nissan;Qashqai;AAA362;2.0L dCi 150 hp;;MT 6;215/65 R16
Nissan;Qashqai Acenta;AAA363;2.0L dCi 150 hp;;MT 6;215/60 R17
Nissan;Qashqai Tekna Sp.;AAA364;2.0L dCi 150 hp;;MT 6;215/55 R18
Nissan;Qashqai Acenta;AAA365;2.0L 140 hp 4x4;;MT 6;215/60 R17
Nissan;Qashqai Tekna Sp.;AAA366;2.0L 140 hp 4x4;;MT 6;215/55 R18
Nissan;Qashqai Acenta;AAA367;2.0L 140 hp hpT 4x4;;hpT;215/60 R17
Nissan;Qashqai Tekna Sp.;AAA368;2.0L 140 hp hpT 4x4;;hpT;215/55 R18
Nissan;Qashqai;AAA369;2.0L dCi 150 hp 4x4;;MT 6;215/65 R16
Nissan;Qashqai Acenta;AAA370;2.0L dCi 150 hp 4x4;;MT 6;215/60 R17
Nissan;Qashqai Tekna Sp.;AAA371;2.0L dCi 150 hp 4x4;;MT 6;215/55 R18
Nissan;Qashqai;AAA372;2.0L dCi 150 hp 4x4 AT;;AT 6;215/65 R16
Nissan;Qashqai Acenta;AAA373;2.0L dCi 150 hp 4x4 AT;;AT 6;215/60 R17
Nissan;Qashqai Tekna Sp.;AAA374;2.0L dCi 150 hp 4x4 AT;;AT 6;215/55 R18
Nissan;Qashqai +2;AAA375;1.6L 115 hp;;MT;215/65 R16
Nissan;Qashqai +2 Acenta;AAA376;1.6L 115 hp;;MT;215/60 R17
Nissan;Qashqai +2 Tekna Sp.;AAA377;1.6L 115 hp;;MT;215/55 R18
Nissan;Qashqai +2;AAA378;2.0L 140 hp;;MT 6;215/65 R16
Nissan;Qashqai +2 Acenta;AAA379;2.0L 140 hp;;MT 6;215/60 R17
Nissan;Qashqai +2 Tekna Sp.;AAA380;2.0L 140 hp;;MT 6;215/55 R18
Nissan;Qashqai +2;AAA381;1.5L dCi 105 hp;;MT 6;215/65 R16
Nissan;Qashqai +2 Acenta;AAA382;1.5L dCi 105 hp;;MT 6;215/60 R17
Nissan;Qashqai +2 Tekna Sp.;AAA383;1.5L dCi 105 hp;;MT 6;215/55 R18
Nissan;Qashqai +2;AAA384;2.0L dCi 150 hp;;MT 6;215/65 R16
Nissan;Qashqai +2 Acenta;AAA385;2.0L dCi 150 hp;;MT 6;215/60 R17
Nissan;Qashqai +2 Tekna Sp.;AAA386;2.0L dCi 150 hp;;MT 6;215/55 R18
Nissan;Qashqai +2 Acenta;AAA387;2.0L 140 hp 4x4;;MT 6;215/60 R17
Nissan;Qashqai +2 Tekna Sp.;AAA388;2.0L 140 hp 4x4;;MT 6;215/55 R18
Nissan;Qashqai +2 Acenta;AAA389;2.0L 140 hp hpT 4x4;;hpT;215/60 R17
Nissan;Qashqai +2 Tekna Sp.;AAA390;2.0L 140 hp hpT 4x4;;hpT;215/55 R18
Nissan;Qashqai +2;AAA391;2.0L dCi 150 hp 4x4;;MT 6;215/65 R16
Nissan;Qashqai +2 Acenta;AAA392;2.0L dCi 150 hp 4x4;;MT 6;215/60 R17
Nissan;Qashqai +2 Tekna Sp.;AAA393;2.0L dCi 150 hp 4x4;;MT 6;215/55 R18
Nissan;Qashqai +2;AAA394;2.0L dCi 150 hp 4x4 AT;;AT 6;215/65 R16
Nissan;Qashqai +2 Acenta;AAA395;2.0L dCi 150 hp 4x4 AT;;AT 6;215/60 R17
Nissan;Qashqai +2 Tekna Sp.;AAA396;2.0L dCi 150 hp 4x4 AT;;AT 6;215/55 R18
Nissan;X-Trail XE;AAA397;2.0L 141 hp;;MT 6;215/65 R16
Nissan;X-Trail SE;AAA398;2.0L 141 hp;;MT 6;215/46 R17
Nissan;X-Trail XE;AAA399;2.0L dCi 150 hp;;MT 6;215/65 R16
Nissan;X-Trail SE;AAA400;2.0L dCi 150 hp;;MT 6;215/60 R17
Nissan;X-Trail Plat.;AAA401;2.0L dCi 150 hp;;MT 6;215/55 R18
Nissan;X-Trail SE;AAA402;2.0L dCi 150 hp AT;;AT 6;215/60 R17
Nissan;X-Trail Plat.;AAA403;2.0L dCi 150 hp AT;;AT 6;215/55 R18
Nissan;Pathfinder 5 pl.;AAA404;2.5L dCi 171 hp;;MT 6 with reductor (2.6);255/65 R17
Nissan;Pathfinder 7 pl.;AAA405;2.5L dCi 171 hp;;MT 6 with reductor (2.6);255/65 R17
Nissan;Pathfinder 7 pl.;AAA406;2.5L dCi 171 hp AT;;AT 5 with reductor (2.6);255/65 R17
Nissan;Murano;AAA407;3.5L V6 S-hpT 256 hp;;hpT;225/65 R18 103 H
Nissan;Murano (2005);AAA408;3.5L V6 234 hp hpT;;hpT;225/65 R18 103 H
Dacia;Sandero;AAA409;1.4L 75 hp;;MT;185/65 R15
Dacia;Sandero;AAA410;1.2L 75 hp;;MT;185/65 R15
Dacia;Sandero;AAA411;1.6L 90 hp;;MT;185/65 R15
Dacia;Sandero;AAA412;1.5L dCi 70 hp;;MT;185/65 R15
Dacia;Sandero;AAA413;1.5L dCi 85 hp;;MT;185/65 R15
Dacia;Logan (2005 & 2007);AAA414;1.4L 75 hp;;MT;185/65 R15
Dacia;Logan (2005 & 2007);AAA415;1.6L 90 hp;;MT;185/65 R15
Dacia;Logan (2007);AAA416;1.6L 105 hp;;MT;185/65 R15
Dacia;Logan (2007);AAA417;1.5L dCi 70 hp;;MT;185/65 R15
Dacia;Logan Break (2007);AAA418;1.4L 75 hp;;MT;185/65 R15
Dacia;Logan Break (2007);AAA419;1.6L 90 hp;;MT;185/65 R15
Dacia;Logan Break (2007) 7 pl.;AAA420;1.6L 90 hp;;MT;185/65 R15
Dacia;Logan Break (2007);AAA421;1.5L dCi 70 hp;;MT;185/65 R15
Dacia;Logan Break (2007) 7 pl.;AAA422;1.5L dCi 70 hp;;MT;185/65 R15
Dacia;Logan Break (2007);AAA423;1.6L 105 hp;;MT;185/65 R15
Dacia;Logan Break (2007) 7 pl.;AAA424;1.6L 105 hp;;MT;185/65 R15
Dacia;Logan Break (2007);AAA425;1.5L dCi 85 hp;;MT;185/65 R15
Dacia;Logan Break (2007) 7 pl.;AAA426;1.5L dCi 85 hp;;MT;185/65 R15
Citroen;C1;AAA427;1.0L 68 hp;;MT;155/65 R14
Citroen;C1 sensodrive;AAA428;1.0L 68 hp AMT;;AMT 5;155/65 R14
Citroen;C1;AAA429;1.4L HDi 55 hp;;MT;155/65 R14
Citroen;Xsara Picasso;AAA430;1.6L HDi FAP 110 hp;;MT;185/65 R15
Citroen;Xsara Picasso Satisf.;AAA431;1.6L HDi FAP 110 hp;;MT;185/65 R15
Citroen;Xsara Picasso Excl.;AAA432;1.6L HDi FAP 110 hp;;MT;185/65 R15
Citroen;C2 (2006/2008);AAA433;1.1L 60 hp;;MT;175/65 R14
Citroen;C2 (2006/2008);AAA434;1.4L 73 hp;;MT;175/65 R14
Citroen;C2 VTR (2006);AAA435;1.4L 73 hp;;MT;185/55 R15
Citroen;C2 SensoDrive (2006);AAA436;1.4L 73 hp;;AMT 5;185/55 R15
Citroen;C2 Stop&Start (2006);AAA437;1.4L 90 hp;;AT 5;185/55 R15
Citroen;C2 Sensodrive (2006);AAA438;1.6L 110 hp;;AMT 5;195/45 R16
Citroen;C2 VTS (2006/2008);AAA439;1.6L 120 hp;;MT;195/45 R16
Citroen;C2 (2006/2008);AAA440;1.4L HDi 70 hp;;MT;175/65 R14
Citroen;C2 VTR (2006);AAA441;1.4L HDi 70 hp;;MT;185/55 R15
Citroen;C2 VTR Sensodrive (2006);AAA442;1.4L HDi 70 hp;;AMT 5;185/55 R15
Citroen;C2 VTR (2008);AAA443;1.4L 73 hp;;MT;185/55 R15
Citroen;C2 VTS (2008);AAA444;1.6L HDi FAP 110 hp;;MT;195/45 R16
Citroen;C3 Picasso;AAA445;1.4L VTi 95 hp;;MT;195/60 R15 T
Citroen;C3 Picasso;AAA446;1.6L HDi 90 hp;;MT;195/60 R15 T
Citroen;C3 Picasso;AAA447;1.6L VTi 120 hp;;MT;195/55 R16 T
Citroen;C3 Picasso Excl.;AAA448;1.4L VTi 95 hp;;MT;195/55 R16 T
Citroen;C3 Picasso Excl.;AAA449;1.6L HDi 90 hp;;MT;195/55 R16 T
Citroen;C3 Picasso;AAA450;1.6L HDi FAP 110 hp;;MT;195/55 R16 T
Citroen;C-Crosser;AAA451;2.2L HDi FAP 160 hp;;MT 6;215/70 R16
Citroen;C-Crosser Excl.;AAA452;2.2L HDi FAP 160 hp;;MT 6;225/55 R18
Citroen;C-Crosser;AAA453;2.4L 170 hp hpT;;hpT;225/55 R18
Citroen;C6;AAA454;2.2L HDi FAP 170 hp;;AT 6;245/45 R18
Citroen;C6;AAA455;3.0L V6 210 hp;;AT 6;245/45 R18
Citroen;C6;AAA456;2.7L V6 HDi 205 hp;;AT 6;245/45 R18
Citroen;C8 (2002);AAA457;2.0L 136 hp;;MT;215/60 R16 H
Citroen;C8 (2002);AAA458;2.0L 136 hp AT;;AT 4;205/65 R15 H
Citroen;C8 (2002);AAA459;2.2L 160 hp;;MT;215/60 R16 H
Citroen;C8 (2002);AAA460;3.0L V6 205 hp;;AT 4;215/60 R16 H
Citroen;C8 Captain chairs (2002);AAA461;3.0L V6 205 hp;;AT 4;215/60 R16 H
Citroen;C8 (2002);AAA462;2.0L HDi FAP 110 hp;;MT;215/65 R15 H
Citroen;C8 (2002);AAA463;2.2L HDi 130 hp;;MT;215/65 R15 H
Citroen;C8 Captain chairs (2002);AAA464;2.2L HDi 130 hp;;MT;215/65 R15 H
Citroen;C8;AAA465;2.0L HDi 120 hp;;MT 6;215/60 R16 H
Citroen;C8;AAA466;2.0L 143 hp;;MT 6;215/60 R16 H
Citroen;C8;AAA467;2.0L HDi FAP 138 hp;;MT 6;215/60 R16 H
Citroen;C8;AAA468;2.2L HDi FAP 173 hp;;MT 6;215/60 R16 H
Citroen;C8;AAA469;2.2L HDi FAP 173 hp AT;;AT 6;215/60 R16 H
Citroen;C3 (2002);AAA470;1.1L 60 hp;;MT;165/70 R14
Citroen;C3 (2002);AAA471;1.4L 73 hp;;MT;165/70 R14
Citroen;C3 (2002);AAA472;1.4L 73 hp AT;;AT 4;185/60 R15
Citroen;C3 (2002) Excl.;AAA473;1.4L 73 hp;;MT;185/60 R15
Citroen;C3 (2002);AAA474;1.6L 110 hp;;MT;185/60 R15
Citroen;C3 (2002);AAA475;1.4L HDi 70 hp;;MT;165/70 R14
Citroen;C3 (2002) Excl.;AAA476;1.4L HDi 70 hp;;MT;185/60 R15
Citroen;C3;AAA477;1.1L 60 hp;;MT;175/65 R14
Citroen;C3;AAA478;1.4L 73 hp;;MT;175/65 R14
Citroen;C3 Excl.;AAA479;1.4L 73 hp;;MT;185/60 R15
Citroen;C3 Sensodrive Stop&Start;AAA480;1.4L 90 hp;;AMT 5;185/60 R15
Citroen;C3 Sensodrive XTR;AAA481;1.4L 90 hp;;AMT 5;185/60 R15
Citroen;C3;AAA482;1.6L 110 hp;;MT;195/50 R16
Citroen;C3 Sensodrive;AAA483;1.6L 110 hp;;AMT 5;195/50 R16
Citroen;C3;AAA484;1.4L HDi 70 hp;;MT;175/65 R14
Citroen;C3 Sensodrive;AAA485;1.4L HDi 70 hp;;AMT 5;175/65 R14
Citroen;C3 Excl.;AAA486;1.4L HDi 70 hp;;MT;185/60 R15
Citroen;C3 XTR;AAA487;1.4L HDi 70 hp;;MT;185/60 R15
Citroen;C3;AAA488;1.6L HDi 90 hp;;MT;185/60 R15
Citroen;C3 XTR;AAA489;1.6L HDi 90 hp;;MT;185/60 R15
Citroen;C3 VTR;AAA490;1.6L HDi 90 hp;;MT;195/50 R16
Citroen;C3;AAA491;1.6L HDi 110 hp;;MT;195/50 R16
Citroen;C3 pluriel (2002);AAA492;1.4L 70 hp;;MT;185/65 R15
Citroen;C3 pluriel (2002) Sensodrive;AAA493;1.6L 110 hp;;AMT 5;185/65 R15
Citroen;C4 coupé;AAA494;1.4L 90 hp;;MT;195/65 R15
Citroen;C4 coupé;AAA495;1.6L HDi 90 hp;;MT;195/65 R15
Citroen;C4 coupé Cool;AAA496;1.6L HDi 90 hp;;MT;205/55 R16
Citroen;C4 coupé VTN@V;AAA497;1.6L HDi 90 hp;;MT;205/50 R17
Citroen;C4 coupé Cool;AAA498;1.4L 90 hp;;MT;205/55 R16
Citroen;C4 coupé Cool;AAA499;1.6L VTi 120 hp;;MT;205/55 R16
Citroen;C4 coupé VTS;AAA500;1.6L VTi 120 hp;;MT;205/50 R17
Citroen;C4 coupé;AAA501;1.6L HDi FAP 110 hp;;MT;205/55 R16
Citroen;C4 coupé VTS;AAA502;1.6L HDi FAP 110 hp;;MT;205/55 R16
Citroen;C4 coupé VTS;AAA503;1.6L HDi FAP 110 hp AMT;;AMT 6;205/50 R17
Citroen;C4 coupé;AAA504;1.6L HDi FAP 110 hp AMT;;AMT 6;205/55 R16
Citroen;C4 coupé VTS;AAA505;1.6L THP 150 hp;;MT 6;205/50 R17
Citroen;C4 coupé VTS;AAA506;2.0L HDi FAP 140 hp;;MT 6;205/50 R17
Citroen;C4 coupé VTS +;AAA507;2.0L HDi FAP 140 hp;;MT 6;205/50 R17
Citroen;C4;AAA508;1.4L 90 hp;;MT;195/65 R15
Citroen;C4;AAA509;1.6L HDi 90 hp;;MT;195/65 R15
Citroen;C4 Cool;AAA510;1.4L 90 hp;;MT;205/55 R16
Citroen;C4 Cool;AAA511;1.6L VTi 120 hp;;MT;205/55 R16
Citroen;C4 Cool;AAA512;1.6L HDi 90 hp;;MT;205/55 R16
Citroen;C4 Excl.;AAA513;1.6L VTi 120 hp;;MT;205/50 R17
Citroen;C4 Excl. +;AAA514;1.6L VTi 120 hp;;MT;205/50 R17
Citroen;C4;AAA515;1.6L HDi FAP 110 hp;;MT;205/55 R16
Citroen;C4 VTN@V;AAA516;1.6L HDi FAP 110 hp;;MT;205/55 R16
Citroen;C4 VTN@V;AAA517;1.6L HDi 90 hp;;MT;205/50 R17
Citroen;C4;AAA518;1.6L HDi FAP 110 hp AMT;;AMT 6;205/55 R16
Citroen;C4 VTN@V;AAA519;1.6L HDi FAP 110 hp AMT;;AMT 6;205/50 R17
Citroen;C4;AAA520;1.6L THP 150 hp;;MT 6;205/50 R17
Citroen;C4;AAA521;2.0L HDi FAP 140 hp;;MT 6;205/50 R17
Citroen;C4;AAA522;2.0L HDi FAP 135 hp AT;;AT 6;205/50 R17
Citroen;C4 Picasso;AAA523;1.6L VTi 120 hp;;MT;215/55 R16
Citroen;C4 Picasso VTN@V;AAA524;1.6L VTi 120 hp;;MT;215/50 R17
Citroen;C4 Picasso;AAA525;1.6L HDi FAP 110 hp;;MT;215/55 R16
Citroen;C4 Picasso VTN@V;AAA526;1.6L HDi FAP 110 hp;;MT;215/50 R17
Citroen;C4 Picasso Excl. +;AAA527;1.6L HDi FAP 110 hp;;MT;215/45 R18
Citroen;C4 Picasso;AAA528;1.6L HDi FAP 110 hp AMT;;AMT 6;215/55 R16
Citroen;C4 Picasso Excl.;AAA529;1.6L HDi FAP 110 hp AMT;;AMT 6;215/50 R17
Citroen;C4 Picasso Excl. +;AAA530;1.6L HDi FAP 110 hp AMT;;AMT 6;215/45 R18
Citroen;C4 Picasso;AAA531;1.6L THP 150 hp AMT;;AMT 6;215/55 R16
Citroen;C4 Picasso VTN@V;AAA532;1.6L THP 150 hp AMT;;AMT 6;215/50 R17
Citroen;C4 Picasso Excl. +;AAA533;1.6L THP 150 hp AMT;;AMT 6;215/45 R18
Citroen;C4 Picasso;AAA534;2.0L HDi FAP 135 hp AMT;;AMT 6;215/55 R16
Citroen;C4 Picasso VTN@V;AAA535;2.0L HDi FAP 135 hp AMT;;AMT 6;215/50 R17
Citroen;C4 Picasso Excl. +;AAA536;2.0L HDi FAP 135 hp AMT;;AMT 6;215/45 R18
Citroen;C4 Picasso Excl. +;AAA537;2.0L HDi FAP 135 hp AT;;AT 6;215/45 R18
Citroen;C4 Picasso 7 pl.;AAA538;1.6L VTi 120 hp;;MT;215/55 R16
Citroen;C4 Picasso VTN@V 7 pl.;AAA539;1.6L VTi 120 hp;;MT;215/50 R17
Citroen;C4 Picasso 7 pl.;AAA540;1.6L HDi FAP 110 hp;;MT;215/55 R16
Citroen;C4 Picasso VTN@V 7 pl.;AAA541;1.6L HDi FAP 110 hp;;MT;215/50 R17
Citroen;C4 Picasso Excl. + 7 pl.;AAA542;1.6L HDi FAP 110 hp;;MT;215/45 R18
Citroen;C4 Picasso 7 pl.;AAA543;1.6L HDi FAP 110 hp AMT;;AMT 6;215/55 R16
Citroen;C4 Picasso Excl. 7 pl.;AAA544;1.6L HDi FAP 110 hp AMT;;AMT 6;215/50 R17
Citroen;C4 Picasso Excl. + 7 pl.;AAA545;1.6L HDi FAP 110 hp AMT;;AMT 6;215/45 R18
Citroen;C4 Picasso 7 pl.;AAA546;1.6L THP 150 hp AMT;;AMT 6;215/55 R16
Citroen;C4 Picasso VTN@V 7 pl.;AAA547;1.6L THP 150 hp AMT;;AMT 6;215/50 R17
Citroen;C4 Picasso Excl. + 7 pl.;AAA548;1.6L THP 150 hp AMT;;AMT 6;215/45 R18
Citroen;C4 Picasso 7 pl.;AAA549;2.0L HDi FAP 135 hp AMT;;AMT 6;215/55 R16
Citroen;C4 Picasso VTN@V 7 pl.;AAA550;2.0L HDi FAP 135 hp AMT;;AMT 6;215/50 R17
Citroen;C4 Picasso Excl. + 7 pl.;AAA551;2.0L HDi FAP 135 hp AMT;;AMT 6;215/45 R18
Citroen;C4 Picasso Excl. + 7 pl.;AAA552;2.0L HDi FAP 135 hp AT;;AT 6;215/45 R18
Citroen;C5;AAA553;2.0L 140 hp AT;;AT 4;225/60 R16
Citroen;C5;AAA554;2.0L 140 hp;;MT;225/60 R16
Citroen;C5 S;AAA555;2.0L 140 hp;;MT;225/55 R17
Citroen;C5;AAA556;1.8L 127 hp;;MT;225/60 R16
Citroen;C5 Busi.;AAA557;1.8L 127 hp;;MT;225/55 R17
Citroen;C5;AAA558;1.6L HDi FAP 110 hp;;MT;225/60 R16
Citroen;C5 S;AAA559;1.6L HDi FAP 110 hp;;MT;225/55 R17
Citroen;C5;AAA560;2.0L HDi FAP 138 hp;;MT 6;225/60 R16
Citroen;C5 S;AAA561;2.0L HDi FAP 138 hp;;MT 6;225/55 R17
Citroen;C5;AAA562;2.0L HDi FAP 138 hp AT;;AT 6;225/60 R16
Citroen;C5 Excl.;AAA563;2.0L HDi FAP 138 hp AT;;AT 6;225/55 R17
Citroen;C5;AAA564;2.0L HDi FAP 140 hp;;MT 6;225/55 R17
Citroen;C5;AAA565;2.2L HDi FAP 170 hp;;MT 6;225/55 R17
Citroen;C5;AAA566;3.0L V6 215 hp AT;;AT 6;245/45 R18
Citroen;C5;AAA567;2.7L HDi V6 FAP 208 hp AT;;AT 6;245/45 R18
Citroen;C5 Tourer;AAA568;1.6L HDi FAP 110 hp;;MT;225/60 R16
Citroen;C5 Tourer S;AAA569;1.6L HDi FAP 110 hp;;MT;225/55 R17
Citroen;C5 Tourer;AAA570;2.0L 140 hp;;MT;225/55 R17
Citroen;C5 Tourer;AAA571;2.0L HDi FAP 140 hp;;MT 6;225/60 R16
Citroen;C5 Tourer Busi.;AAA572;2.0L HDi FAP 140 hp;;MT 6;225/55 R17
Citroen;C5 Tourer;AAA573;2.0L HDi FAP 138 hp AT;;AT 6;225/55 R17
Citroen;C5 Tourer;AAA574;2.2L HDi FAP 170 hp;;MT 6;225/55 R17
Mitsubishi;Colt CZ3 (2004);AAA575;1.1L 75 hp;;MT;175/65 R14
Mitsubishi;Colt CZ3 Invite (2004);AAA576;1.1L 75 hp;;MT;195/50 R15
Mitsubishi;Colt CZ3 (2004);AAA577;1.3L 95 hp;;MT;195/50 R15
Mitsubishi;Colt CZ3 (2004);AAA578;1.5L 110 hp;;MT;205/45 R16
Mitsubishi;Colt CZ3 (2004);AAA579;1.5L DI-D 95 hp;;MT;195/50 R15
Mitsubishi;Colt CZ3 Instyle (2004);AAA580;1.5L DI-D 95 hp;;MT;205/45 R16
Mitsubishi;Colt (2004);AAA581;1.1L 75 hp;;MT;175/65 R14
Mitsubishi;Colt Invite (2004);AAA582;1.1L 75 hp;;MT;195/50 R15
Mitsubishi;Colt (2004);AAA583;1.3L 95 hp;;MT;175/65 R14
Mitsubishi;Colt Invite (2004);AAA584;1.3L 95 hp;;MT;195/50 R15
Mitsubishi;Colt (2004);AAA585;1.5L 110 hp;;MT;205/45 R16
Mitsubishi;Colt Allshift (2004);AAA586;1.5L 110 hp;;AMT 6;205/45 R16
Mitsubishi;Colt (2004);AAA587;1.5L DI-D 95 hp;;MT;175/65 R14
Mitsubishi;Colt Invite (2004);AAA588;1.5L DI-D 95 hp;;MT;195/50 R15
Mitsubishi;Colt Instyle (2004);AAA589;1.5L DI-D 95 hp;;MT;205/45 R16
Mitsubishi;Colt Allshift Instyle (2004);AAA590;1.5L DI-D 95 hp;;AMT 6;205/45 R16
Mitsubishi;Colt CZC;AAA591;1.5L 110 hp;;MT;205/45 R16
Mitsubishi;Colt CZC;AAA592;1.5L T 145 hp;;MT;205/45 R16
Mitsubishi;Colt;AAA593;1.1L 75 hp;;MT;195/50 R15
Mitsubishi;Colt;AAA594;1.3L 95 hp;;MT;195/50 R15
Mitsubishi;Colt Ralliart;AAA595;1.5L T 150 hp;;MT;205/45 R16
Mitsubishi;Lancer Sportback;AAA596;1.8L 140 hp;;MT;205/60 R16
Mitsubishi;Lancer Sportback Motion;AAA597;1.8L 140 hp;;MT;215/45 R18
Mitsubishi;Lancer Sportback;AAA598;1.8L 140 hp hpT;;hpT;215/45 R18
Mitsubishi;Lancer Sportback;AAA599;2.0L DI-D 140 hp;;MT 6;205/60 R16
Mitsubishi;Lancer Sportback Motion;AAA600;2.0L DI-D 140 hp;;MT 6;215/45 R18
Mitsubishi;Lancer Sportback Ralliart;AAA601;2.0L T 240 hp;;DCT 6;215/45 R18
Mitsubishi;Lancer;AAA602;2.0L DI-D 140 hp;;MT 6;205/60 R16
Mitsubishi;Lancer Instyle;AAA603;2.0L DI-D 140 hp;;MT 6;215/45 R18
Mitsubishi;Lancer;AAA604;1.8L 140 hp hpT;;hpT;215/45 R18
Mitsubishi;Lancer Evolution GSR;AAA605;2.0L T 295 hp;;MT;245/40 R18 93 Y
Mitsubishi;Lancer Evolution MR TC-SST;AAA606;2.0L T 295 hp;;DCT 6;245/40 R18 93 Y
Mitsubishi;Lancer Ralliart;AAA607;2.0L T 240 hp;;DCT 6;215/45 R18
Mitsubishi;Grandis;AAA608;2.0L DI-D 140 hp;;MT 6;215/60 R16
Mitsubishi;Grandis Invite;AAA609;2.0L DI-D 140 hp;;MT 6;215/55 R17
Mitsubishi;Outlander;AAA610;2.0L DI-D 140 hp;;MT 6;215/70 R16
Mitsubishi;Outlander Intense +;AAA611;2.0L DI-D 140 hp;;MT 6;225/55 R18
Mitsubishi;Outlander;AAA612;2.2L DI-D 140 hp;;MT 6;225/55 R18
Mitsubishi;Outlander;AAA613;2.4L 170 hp;;MT;215/70 R16
Mitsubishi;Outlander;AAA614;2.4L 170 hp hpT;;hpT;225/55 R18
Mitsubishi;Pajero 3p.;AAA615;3.2L DI-D 160 hp;;MT with reductor (1.9);265/65 R17 112 H
Mitsubishi;Pajero 3p. Intense;AAA616;3.2L DI-D 160 hp;;MT with reductor (1.9);265/60 R18 110 H
Mitsubishi;Pajero 3p.;AAA617;3.2L DI-D 170 hp AT;;AT with reductor (1.9);265/60 R18 110 H
Mitsubishi;Pajero 5p.;AAA618;3.2L DI-D 160 hp;;MT with reductor (1.9);265/65 R17 112 H
Mitsubishi;Pajero 5p. Intense;AAA619;3.2L DI-D 160 hp;;MT with reductor (1.9);265/60 R18 110 H
Mitsubishi;Pajero 5p.;AAA620;3.2L DI-D 170 hp AT;;AT with reductor (1.9);265/60 R18 110 H
Mitsubishi;Pajero 5p.;AAA621;3.8L V6 250 hp;;AT with reductor (1.9);265/60 R18 110 H
Mitsubishi;L200 Double Cab.;AAA622;2.5L DI-D 136 hp;;MT with reductor (1.9);245/70 R16 111 S
Volkswagen;Fox;AAA623;1.2L 55 hp 3 cyl.;;MT;165/70 R14 T
Volkswagen;Fox;AAA624;1.4L 75 hp;;MT;165/70 R14 T
Volkswagen;Fox;AAA625;1.4L TDI 70 hp 3 cyl.;;MT;185/60 R14 H
Volkswagen;Polo;AAA626;1.2L 60 hp 3 cyl.;;MT;165/70 R14 T
Volkswagen;Polo;AAA627;1.4L 80 hp;;MT;165/70 R14 T
Volkswagen;Polo GT;AAA628;1.4L 80 hp;;MT;185/60 R14
Volkswagen;Polo;AAA629;1.4L 80 hp AT;;AT 6;165/70 R14 T
Volkswagen;Polo;AAA630;1.6L 105 hp;;MT;185/60 R14 H
Volkswagen;Polo;AAA631;1.4L TDI 70 hp 3 cyl.;;MT;165/70 R14 T
Volkswagen;Polo;AAA632;1.4L TDI 80 hp;;MT;165/70 R14 T
Volkswagen;Polo BlueMotion;AAA633;1.4L TDI DPF 80 hp;;MT;165/70 R14 T
Volkswagen;Polo GT;AAA634;1.4L TDI 80 hp;;MT;185/60 R14
Volkswagen;Polo;AAA635;1.9L TDI 100 hp;;MT;185/60 R14 T
Volkswagen;Polo GTI;AAA636;1.8L T 150 hp;;MT;205/45 R16 V
Volkswagen;Crosspolo;AAA637;1.4L 75 hp;;MT;215/40 R17 Z
Volkswagen;Crosspolo;AAA638;1.4L 100 hp;;MT;215/40 R17 Z
Volkswagen;Crosspolo;AAA639;1.4L TDI 70 hp 3 cyl.;;MT;215/40 R17
Volkswagen;Crosspolo;AAA640;1.9L TDI 100 hp;;MT;215/40 R17
Volkswagen;Polo (2009);AAA641;1.2L 60 hp 3 cyl.;;MT;175/70 R14 T
Volkswagen;Polo (2009);AAA642;1.2L 69 hp 3 cyl.;;MT;175/70 R14 T
Volkswagen;Polo (2009);AAA643;1.4L 86 hp;;MT;185/60 R15 T
Volkswagen;Polo (2009);AAA644;1.4L 86 hp DSG 7;;DCT 7;185/60 R15 T
Volkswagen;Polo (2009);AAA645;1.2L TSI 105 hp;;MT 6;185/60 R15 T
Volkswagen;Polo (2009);AAA646;1.6L TDI 75 hp;;MT;175/70 R14 T
Volkswagen;Polo (2009);AAA647;1.6L TDI 90 hp;;MT;185/60 R15 T
Volkswagen;Polo (2009);AAA648;1.6L TDI 90 hp DSG 7;;DCT 7;185/60 R15 T
Volkswagen;Polo (2009) Bluemotion;AAA649;1.6L TDI 90 hp;;MT;185/60 R15 T
Volkswagen;Polo (2009);AAA650;1.6L TDI 105 hp;;MT;185/60 R15 T
Volkswagen;Scirocco;AAA651;1.4L TSI 122 hp;;MT 6;205/50 R17
Volkswagen;Scirocco;AAA652;1.4L TSI 160 hp;;MT 6;225/45 R17
Volkswagen;Scirocco;AAA653;1.4L TSI 160 hp DSG 7;;DCT 7;225/45 R17
Volkswagen;Scirocco;AAA654;2.0L TSI 200 hp;;MT 6;225/45 R17
Volkswagen;Scirocco;AAA655;2.0L TSI 200 hp DSG 6;;DCT 6;225/45 R17
Volkswagen;Scirocco;AAA656;2.0L TDI 140 hp;;MT 6;225/45 R17
Volkswagen;Scirocco;AAA657;2.0L TDI 140 hp DSG 6;;DCT 6;225/45 R17
Volkswagen;Scirocco;AAA658;2.0L TDI 170 hp;;MT 6;225/45 R17
Volkswagen;Scirocco;AAA659;2.0L TDI 170 hp DSG 6;;DCT 6;225/45 R17
Volkswagen;Scirocco R;AAA660;2.0L TSI 265 hp;;MT 6;235/40 R18
Volkswagen;Scirocco R;AAA661;2.0L TSI 265 hp DSG 6;;DCT 6;235/40 R18
Volkswagen;New Beetle Cab.;AAA662;1.6L 100 hp;;MT;205/55 R16
Volkswagen;New Beetle Cab.;AAA663;2.0L 116 hp;;MT;205/55 R16 H
Volkswagen;New Beetle Cab.;AAA664;2.0L 116 hp AT;;AT 6;205/55 R16 H
Volkswagen;New Beetle;AAA665;1.6L 100 hp;;MT;195/65 R15 T
Volkswagen;New Beetle;AAA666;1.8L T 150 hp;;MT;205/55 R16 W
Volkswagen;New Beetle;AAA667;2.3L V5 170 hp;;MT;205/55 R16 V
Volkswagen;New Beetle RSi;AAA668;3.2L V6 225 hp;;MT 6;235/40 R18
Volkswagen;Eos;AAA669;1.4L TSI 122 hp;;MT 6;235/45 R17
Volkswagen;Eos;AAA670;1.4L TSI 160 hp;;MT 6;235/45 R17
Volkswagen;Eos;AAA671;2.0L TSI 200 hp;;MT 6;235/45 R17
Volkswagen;Eos;AAA672;2.0L TSI 200 hp DSG 6;;DCT 6;235/45 R17
Volkswagen;Eos;AAA673;3.2L V6 250 hp DSG 6;;DCT 6;235/45 R17
Volkswagen;Eos;AAA674;2.0L TDI CR 140 hp DPF;;MT 6;235/45 R17
Volkswagen;Eos;AAA675;2.0L TDI CR 140 hp DPF DSG 6;;DCT 6;235/45 R17
Volkswagen;Jetta;AAA676;1.6L 102 hp;;MT;205/55 R16
Volkswagen;Jetta;AAA677;1.6L FSI 115 hp;;MT 6;205/55 R16
Volkswagen;Jetta;AAA678;1.9L TDI 105 hp;;MT;205/55 R16
Volkswagen;Jetta;AAA679;1.9L TDI 105 hp DSG 6;;DCT 6;205/55 R16
Volkswagen;Jetta;AAA680;2.0L TDI 140 hp;;MT 6;205/55 R16
Volkswagen;Jetta;AAA681;2.0L TDI 140 hp DSG 6;;DCT 6;205/55 R16
Volkswagen;Sharan;AAA682;1.8L T 150 hp;;MT 6 or AT 5;205/60 R15 H
Volkswagen;Sharan;AAA683;2.8L V6 204 hp;;MT 6 or AT 4;215/55 R16 Z
Volkswagen;Sharan;AAA684;1.9L TDI 115 hp;;MT 6 or AT 5;205/60 R15 H
Volkswagen;Caddy;AAA685;1.4L 80 hp;;MT;195/65 R15
Volkswagen;Caddy;AAA686;1.6L 102 hp;;MT;195/65 R15
Volkswagen;Caddy;AAA687;1.9L TDI 75 hp;;MT;195/65 R15
Volkswagen;Caddy;AAA688;1.9L TDI 104 hp;;MT;195/65 R15
Volkswagen;Caddy Bluemotion;AAA689;1.9L TDI 104 hp;;MT;195/65 R15
Volkswagen;Caddy;AAA690;1.9L TDI 104 hp DSG 5;;DCT 5;195/65 R15
Volkswagen;Caddy;AAA691;2.0L TDI 140 hp;;MT 6;205/55 R16
Volkswagen;Golf R32 (2006);AAA692;3.2L V6 250 hp;;MT 6;225/40 R18 Y
Volkswagen;Golf R32 (2006);AAA693;3.2L V6 250 hp DSG 6;;DCT 6;225/40 R18 Y
Volkswagen;Golf GTI (2007);AAA694;2.0L TFSI 200 hp;;MT 6;225/45 R17 W
Volkswagen;Golf GTI (2007);AAA695;2.0L TFSI 200 hp DSG 6;;DCT 6;225/45 R17 W
Volkswagen;Golf (2007);AAA696;1.9L TDI 105 hp 4Motion;;MT 6;195/65 R15
Volkswagen;Golf (2007) Sportline;AAA697;1.9L TDI 105 hp 4Motion;;MT 6;205/55 R16
Volkswagen;Golf (2007);AAA698;2.0L TDI 140 hp 4Motion;;MT 6;205/55 R16
Volkswagen;Golf (2007) Highline;AAA699;2.0L TDI 140 hp 4Motion;;MT 6;195/65 R15
Volkswagen;Golf (2007) GT Sport 3p.;AAA700;1.6L 102 hp;;MT;205/55 R16
Volkswagen;Golf (2007) GT Sport 3p.;AAA701;1.6L FSI 115 hp;;MT 6;205/55 R16
Volkswagen;Golf (2007) GT Sport 3p.;AAA702;1.4L TSI 122 hp;;MT 6;205/55 R16
Volkswagen;Golf (2007) GT Sport 3p.;AAA703;1.4L TSI 140 hp;;MT 6;205/55 R16
Volkswagen;Golf (2007) GT Sport 3p.;AAA704;1.4L TSI 170 hp;;MT 6;225/45 R17
Volkswagen;Golf;AAA705;1.6L 102 hp;;MT;195/65 R15
Volkswagen;Golf;AAA706;1.6L 102 hp DSG 7;;DCT 7;195/65 R15
Volkswagen;Golf;AAA707;1.4L TSI 122 hp;;MT 6;195/65 R15
Volkswagen;Golf;AAA708;1.4L TSI 122 hp DSG 7;;DCT 7;195/65 R15
Volkswagen;Golf Sport;AAA709;1.4L TSI 122 hp;;MT 6;205/55 R16
Volkswagen;Golf Sport;AAA710;1.4L TSI 122 hp DSG 7;;DCT 7;205/55 R16
Volkswagen;Golf;AAA711;1.4L TSI 160 hp;;MT 6;205/55 R16
Volkswagen;Golf;AAA712;1.4L TSI 160 hp DSG 7;;DCT 7;205/55 R16
Volkswagen;Golf GTI;AAA713;2.0L TSI 210 hp;;MT 6;225/45 R17
Volkswagen;Golf GTI;AAA714;2.0L TSI 210 hp DSG 6;;DCT 6;225/45 R17
Volkswagen;Golf;AAA715;1.6L TDI CR 105 hp DPF;;MT;195/65 R15
Volkswagen;Golf Sport;AAA716;1.6L TDI CR 105 hp DPF;;MT;205/55 R16
Volkswagen;Golf;AAA717;2.0L TDI CR 140 hp DPF;;MT 6;195/65 R15
Volkswagen;Golf;AAA718;2.0L TDI CR 140 hp DPF DSG 6;;DCT 6;195/65 R15
Volkswagen;Golf Sport;AAA719;2.0L TDI CR 140 hp DPF;;MT 6;205/55 R16
Volkswagen;Golf Sport;AAA720;2.0L TDI CR 140 hp DPF DSG 6;;DCT 6;205/55 R16
Volkswagen;Golf Sport;AAA721;2.0L TDI CR 140 hp DPF 4Motion;;MT 6;205/55 R16
Volkswagen;Golf GTD;AAA722;2.0L TDI CR 170 hp DPF;;MT 6;225/45 R17
Volkswagen;Golf GTD;AAA723;2.0L TDI CR 170 hp DPF DSG 6;;DCT 6;225/45 R17
Volkswagen;Golf Plus;AAA724;1.4L TSI 122 hp;;MT 6;195/65 R15
Volkswagen;Golf Plus;AAA725;1.4L TSI 122 hp DSG 7;;DCT 7;195/65 R15
Volkswagen;Golf Plus Sport;AAA726;1.4L TSI 122 hp;;MT 6;205/55 R16
Volkswagen;Golf Plus Sport;AAA727;1.4L TSI 122 hp DSG 7;;DCT 7;205/55 R16
Volkswagen;Golf Plus Sport;AAA728;1.4L TSI 160 hp;;MT 6;205/55 R16
Volkswagen;Golf Plus Sport;AAA729;1.4L TSI 160 hp DSG 7;;DCT 7;205/55 R16
Volkswagen;Golf Plus;AAA730;1.6L TDI CR 105 hp DPF;;MT;195/65 R15
Volkswagen;Golf Plus Sport;AAA731;1.6L TDI CR 105 hp DPF;;MT;205/55 R16
Volkswagen;Golf Plus;AAA732;2.0L TDI CR 140 hp DPF;;MT 6;195/65 R15
Volkswagen;Golf Plus;AAA733;2.0L TDI CR 140 hp DPF DSG 6;;DCT 6;195/65 R15
Volkswagen;Golf Plus Sport;AAA734;2.0L TDI CR 140 hp DPF;;MT 6;205/55 R16
Volkswagen;Golf Plus Sport;AAA735;2.0L TDI CR 140 hp DPF DSG 6;;DCT 6;205/55 R16
Volkswagen;Golf Variant;AAA736;1.6L 102 hp;;MT;205/55 R16
Volkswagen;Golf Variant;AAA737;1.9L TDI 105 hp;;MT;205/55 R16
Volkswagen;Golf Variant Bluemotion;AAA738;1.9L TDI 105 hp;;MT;205/55 R16
Volkswagen;Golf Variant;AAA739;1.9L TDI 105 hp DSG 7;;DCT 7;205/55 R16
Volkswagen;Golf Variant;AAA740;1.4L TSI 122 hp;;MT 6;205/55 R16
Volkswagen;Golf Variant;AAA741;1.4L TSI 122 hp DSG 7;;DCT 7;205/55 R16
Volkswagen;Golf Variant;AAA742;1.4L TSI 160 hp;;MT 6;205/55 R16
Volkswagen;Golf Variant;AAA743;1.4L TSI 160 hp DSG 7;;DCT 7;205/55 R16
Volkswagen;Golf Variant;AAA744;2.0L TDI 140 hp;;MT 6;205/55 R16
Volkswagen;Golf Variant;AAA745;2.0L TDI 140 hp DSG 6;;DCT 6;205/55 R16
Volkswagen;Touran;AAA746;1.9L TDI 90 hp;;MT 6;195/65 R15
Volkswagen;Touran;AAA747;1.6L 102 hp;;MT;195/65 R15
Volkswagen;Touran;AAA748;1.9L TDI 105 hp;;MT 6;195/65 R15
Volkswagen;Touran;AAA749;1.4L TSI 140 hp;;MT 6;195/65 R15
Volkswagen;Touran Advance;AAA750;1.6L 102 hp;;MT;205/55 R16
Volkswagen;Touran Advance;AAA751;1.9L TDI 105 hp;;MT 6;205/55 R16
Volkswagen;Touran;AAA752;1.4L TSI 140 hp DSG 6;;DCT 6;195/65 R15
Volkswagen;Touran Bluemotion;AAA753;1.9L TDI 105 hp;;MT 6;205/55 R16
Volkswagen;Touran Advance;AAA754;1.9L TDI 105 hp DSG 7;;DCT 7;205/55 R16
Volkswagen;Touran Advance;AAA755;1.4L TSI 140 hp;;MT 6;205/55 R16
Volkswagen;Touran Advance;AAA756;1.4L TSI 140 hp DSG 6;;DCT 6;205/55 R16
Volkswagen;Touran Sport;AAA757;1.4L TSI 140 hp;;MT 6;225/45 R17
Volkswagen;Touran Sport;AAA758;1.4L TSI 140 hp DSG 6;;DCT 6;225/45 R17
Volkswagen;Touran;AAA759;2.0L TDI 140 hp;;MT 6;205/55 R16
Volkswagen;Touran;AAA760;2.0L TDI 140 hp DSG 6;;DCT 6;205/55 R16
Volkswagen;Touran Sport;AAA761;2.0L TDI 140 hp;;MT 6;225/45 R17
Volkswagen;Touran Sport;AAA762;2.0L TDI 140 hp DSG 6;;DCT 6;225/45 R17
Volkswagen;Touran;AAA763;2.0L TDI 170 hp;;MT 6;205/55 R16
Volkswagen;Touran;AAA764;2.0L TDI 170 hp DSG 6;;DCT 6;205/55 R16
Volkswagen;Touran Sport;AAA765;2.0L TDI 170 hp;;MT 6;225/45 R17
Volkswagen;Touran Sport;AAA766;2.0L TDI 170 hp DSG 6;;DCT 6;225/45 R17
Volkswagen;Touran (2003);AAA767;1.6L FSI 115 hp;;MT 6;205/55 R16
Volkswagen;Touran (2003);AAA768;1.9L TDI 100 hp;;MT 6;195/65 R15
Volkswagen;Touran (2003) Trendline;AAA769;1.9L TDI 100 hp;;MT 6;205/55 R16
Volkswagen;Touran (2003) Trendline;AAA770;2.0L TDI 136 hp;;MT 6;205/55 R16 V
Volkswagen;Touran (2003) Highline;AAA771;2.0L TDI 136 hp;;MT 6;205/55 R16
Volkswagen;Passat CC;AAA772;1.8L TSI 160 hp;;MT 6;235/45 R17
Volkswagen;Passat CC;AAA773;1.8L TSI 160 hp DSG 7;;DCT 7;235/45 R17
Volkswagen;Passat CC;AAA774;2.0L TSI 200 hp;;MT 6;235/45 R17
Volkswagen;Passat CC;AAA775;2.0L TSI 200 hp Tiptronic;;AT 6;235/45 R17
Volkswagen;Passat CC;AAA776;2.0L TDI 140 hp DPF;;MT 6;235/45 R17
Volkswagen;Passat CC;AAA777;2.0L TDI 140 hp DPF DSG 6;;DCT 6;235/45 R17
Volkswagen;Passat CC;AAA778;2.0L TDI 170 hp DPF;;MT 6;235/45 R17
Volkswagen;Passat CC;AAA779;2.0L TDI 170 hp DPF DSG 6;;DCT 6;235/45 R17
Volkswagen;Passat CC;AAA780;3.6L V6 FSI 300 hp DSG 6 4Motion;;DCT 6;235/45 R17
Volkswagen;Passat;AAA781;1.4L TSI 122 hp;;MT 6;215/55 R16
Volkswagen;Passat;AAA782;1.4L TSI 122 hp DSG 7;;DCT 7;215/55 R16
Volkswagen;Passat;AAA783;1.8L TSI 160 hp;;MT 6;215/55 R16
Volkswagen;Passat R-Line;AAA784;1.8L TSI 160 hp;;MT 6;235/45 R17
Volkswagen;Passat;AAA785;2.0L TSI 200 hp;;MT 6;215/55 R16
Volkswagen;Passat R-Line;AAA786;2.0L TSI 200 hp;;MT 6;235/45 R17
Volkswagen;Passat;AAA787;2.0L TSI 200 hp Tiptronic;;AT 6;215/55 R16
Volkswagen;Passat R-Line;AAA788;2.0L TSI 200 hp Tiptronic;;AT 6;235/45 R17
Volkswagen;Passat;AAA789;3.2L V6 FSI 250 hp DSG 6 4Motion;;DCT 6;235/45 R17
Volkswagen;Passat R36;AAA790;3.6L V6 FSI 300 hp DSG 6 4Motion;;DCT 6;235/40 R18 Y
Volkswagen;Passat;AAA791;2.0L TDI CR 110 hp DPF;;MT;215/55 R16
Volkswagen;Passat Bluemotion;AAA792;2.0L TDI CR 110 hp DPF;;MT;205/55 R16 91 H
Volkswagen;Passat;AAA793;2.0L TDI CR 140 hp DPF;;MT 6;215/55 R16
Volkswagen;Passat;AAA794;2.0L TDI CR 140 hp DPF 4Motion;;MT 6;215/55 R16
Volkswagen;Passat R-Line;AAA795;2.0L TDI CR 140 hp DPF;;MT 6;235/45 R17
Volkswagen;Passat;AAA796;2.0L TDI CR 140 hp DPF DSG 6;;DCT 6;215/55 R16
Volkswagen;Passat R-Line;AAA797;2.0L TDI CR 140 hp DPF 4Motion;;MT 6;235/45 R17
Volkswagen;Passat R-Line;AAA798;2.0L TDI CR 140 hp DPF DSG 6;;DCT 6;235/45 R17
Volkswagen;Passat;AAA799;2.0L TDI CR 170 hp DPF;;MT 6;215/55 R16
Volkswagen;Passat R-Line;AAA800;2.0L TDI CR 170 hp DPF;;MT 6;235/45 R17
Volkswagen;Passat;AAA801;2.0L TDI CR 170 hp DPF DSG 6;;DCT 6;215/55 R16
Volkswagen;Passat R-Line;AAA802;2.0L TDI CR 170 hp DPF DSG 6;;DCT 6;235/45 R17
Volkswagen;Passat Variant Bluemotion;AAA803;2.0L TDI CR 110 hp DPF;;MT;205/55 R16
Volkswagen;Passat Variant;AAA804;2.0L TDI CR 110 hp DPF;;MT;215/55 R16
Volkswagen;Passat Variant;AAA805;2.0L TDI CR 140 hp DPF;;MT 6;215/55 R16
Volkswagen;Passat Variant;AAA806;2.0L TDI CR 140 hp DPF 4Motion;;MT 6;215/55 R16
Volkswagen;Passat Variant R-Line;AAA807;2.0L TDI CR 140 hp DPF;;MT 6;235/45 R17
Volkswagen;Passat Variant;AAA808;2.0L TDI CR 140 hp DPF DSG 6;;DCT 6;215/55 R16
Volkswagen;Passat Variant R-Line;AAA809;2.0L TDI CR 140 hp DPF 4Motion;;MT 6;235/45 R17
Volkswagen;Passat Variant R-Line;AAA810;2.0L TDI CR 140 hp DPF DSG 6;;DCT 6;235/45 R17
Volkswagen;Passat Variant;AAA811;2.0L TDI CR 170 hp DPF;;MT 6;215/55 R16
Volkswagen;Passat Variant R-Line;AAA812;2.0L TDI CR 170 hp DPF;;MT 6;235/45 R17
Volkswagen;Passat Variant;AAA813;2.0L TDI CR 170 hp DPF DSG 6;;DCT 6;215/55 R16
Volkswagen;Passat Variant R-Line;AAA814;2.0L TDI CR 170 hp DPF DSG 6;;DCT 6;235/45 R17
Volkswagen;Passat Variant;AAA815;1.4L TSI 122 hp;;MT 6;215/55 R16
Volkswagen;Passat Variant;AAA816;1.4L TSI 122 hp DSG 7;;DCT 7;215/55 R16
Volkswagen;Passat Variant;AAA817;1.8L TSI 160 hp;;MT 6;215/55 R16
Volkswagen;Passat Variant R-Line;AAA818;1.8L TSI 160 hp;;MT 6;235/45 R17
Volkswagen;Passat Variant;AAA819;2.0L TSI 200 hp;;MT 6;215/55 R16
Volkswagen;Passat Variant R-Line;AAA820;2.0L TSI 200 hp;;MT 6;235/45 R17
Volkswagen;Passat Variant;AAA821;2.0L TSI 200 hp Tiptronic;;AT 6;215/55 R16
Volkswagen;Passat Variant R-Line;AAA822;2.0L TSI 200 hp Tiptronic;;AT 6;235/45 R17
Volkswagen;Passat Variant;AAA823;3.2L V6 FSI 250 hp DSG 6 4Motion;;DCT 6;235/45 R17
Volkswagen;Passat Variant R36;AAA824;3.6L V6 FSI 300 hp DSG 6 4Motion;;DCT 6;235/40 R18 Y
Volkswagen;Phaeton;AAA825;3.0L V6 TDI 240 hp DPF 4Motion;;AT 6;235/55 R17 Y
Volkswagen;Phaeton;AAA826;3.6L V6 280 hp 4Motion;;AT 6;235/55 R17
Volkswagen;Phaeton;AAA827;6.0L W12 450 hp 4Motion;;AT 5;255/45 R18
Volkswagen;Phaeton (2004);AAA828;5.0L V10 TDI 313 hp Tiptronic;;AT 6;255/45 R18
Volkswagen;Phaeton (2004);AAA829;3.2L V6 240 hp;;MT 6;235/60 R16 Y
Volkswagen;Phaeton (2004);AAA830;3.2L V6 240 hp Tiptronic;;AT 5;235/60 R16 Y
Volkswagen;Tiguan;AAA831;1.4L TSI 150 hp;;MT 6;215/65 R16
Volkswagen;Tiguan;AAA832;1.4L TSI 150 hp 4Motion;;MT 6;215/60 R17
Volkswagen;Tiguan R-Line;AAA833;1.4L TSI 150 hp 4Motion;;MT 6;255/40 R19
Volkswagen;Tiguan;AAA834;2.0L TDI 140 hp;;MT 6;215/65 R16
Volkswagen;Tiguan;AAA835;2.0L TDI 140 hp 4Motion;;MT 6;215/60 R17
Volkswagen;Tiguan;AAA836;2.0L TDI 140 hp Tiptronic 4Motion;;AT 6;215/60 R17
Volkswagen;Tiguan R-Line;AAA837;2.0L TDI 140 hp 4Motion;;MT 6;255/40 R19
Volkswagen;Tiguan R-Line;AAA838;2.0L TDI 140 hp Tiptronic 4Motion;;AT 6;255/40 R19
Volkswagen;Tiguan;AAA839;2.0L TSI 170 hp 4Motion;;MT 6;215/60 R17
Volkswagen;Tiguan;AAA840;2.0L TSI 170 hp Tiptronic 4Motion;;AT 6;215/60 R17
Volkswagen;Tiguan R-Line;AAA841;2.0L TSI 170 hp 4Motion;;MT 6;255/40 R19
Volkswagen;Tiguan R-Line;AAA842;2.0L TSI 170 hp Tiptronic 4Motion;;AT 6;255/40 R19
Volkswagen;Tiguan;AAA843;2.0L TDI 170 hp 4Motion;;MT 6;215/60 R17
Volkswagen;Tiguan R-Line;AAA844;2.0L TDI 170 hp 4Motion;;MT 6;255/40 R19
Volkswagen;Tiguan;AAA845;2.0L TSI 200 hp 4Motion;;MT 6;215/60 R17
Volkswagen;Tiguan;AAA846;2.0L TSI 200 hp Tiptronic 4Motion;;AT 6;215/60 R17
Volkswagen;Tiguan R-Line;AAA847;2.0L TSI 200 hp 4Motion;;MT 6;255/40 R19
Volkswagen;Tiguan R-Line;AAA848;2.0L TSI 200 hp Tiptronic 4Motion;;AT 6;255/40 R19
Volkswagen;Touareg;AAA849;2.5L TDI R5 174 hp;;MT 6 with reductor (2.66);255/55 R18
Volkswagen;Touareg;AAA850;2.5L TDI R5 174 hp Tiptronic;;AT 6 with reductor (2.66);255/55 R18
Volkswagen;Touareg;AAA851;3.0L V6 TDI 240 hp;;MT 6 with reductor (2.66);255/55 R18
Volkswagen;Touareg;AAA852;3.0L V6 TDI 240 hp Tiptronic;;AT 6 with reductor (2.66);255/55 R18
Volkswagen;Touareg Indiv.;AAA853;3.0L V6 TDI 240 hp;;MT 6;255/55 R18
Volkswagen;Touareg Indiv.;AAA854;3.0L V6 TDI 240 hp Tiptronic;;AT 6 with reductor (2.66);275/45 R18
Volkswagen;Touareg;AAA855;3.6L V6 FSI 280 hp Tiptronic;;AT 6 with reductor (2.66);255/55 R18
Volkswagen;Touareg Indiv.;AAA856;3.6L V6 FSI 280 hp Tiptronic;;AT 6 with reductor (2.66);275/45 R18
Volkswagen;Touareg;AAA857;4.2L V8 350 hp Tiptronic;;AT 6 with reductor (2.66);255/55 R18
Volkswagen;Touareg;AAA858;5.0L V10 TDI 313 hp Tiptronic;;AT 6 with reductor (2.66);255/55 R18
Volkswagen;Touareg;AAA859;6.0L W12 450 hp Tiptronic;;AT 6;275/45 R19
Volkswagen;Touareg R50;AAA860;5.0L V10 TDI 350 hp Tiptronic;;AT 6 with reductor (2.66);295/35 R21 Y
Skoda;Fabia;AAA861;1.2L 60 hp 3 cyl.;;MT;165/70 R14
Skoda;Fabia Young;AAA862;1.2L 60 hp 3 cyl.;;MT;185/60 R14
Skoda;Fabia Combi;AAA863;1.2L 60 hp 3 cyl.;;MT;165/70 R14
Skoda;Fabia;AAA864;1.2L 70 hp 3 cyl.;;MT;165/70 R14
Skoda;Fabia Young;AAA865;1.2L 70 hp 3 cyl.;;MT;185/60 R14
Skoda;Fabia Combi;AAA866;1.2L 70 hp 3 cyl.;;MT;185/60 R14
Skoda;Fabia;AAA867;1.4L 85 hp;;MT;185/60 R14
Skoda;Fabia Combi;AAA868;1.4L 85 hp;;MT;185/60 R14
Skoda;Fabia;AAA869;1.4L TDI 70 hp 3 cyl.;;MT;185/60 R14
Skoda;Fabia Combi;AAA870;1.4L TDI 70 hp 3 cyl.;;MT;165/70 R14
Skoda;Fabia Combi Young;AAA871;1.4L TDI 70 hp 3 cyl.;;MT;185/60 R14
Skoda;Fabia;AAA872;1.4L TDI 80 hp 3cyl.;;MT;185/60 R14
Skoda;Fabia Combi;AAA873;1.4L TDI 80 hp 3 cyl.;;MT;185/60 R14
Skoda;Fabia GreenLine;AAA874;1.4L TDI 80 hp DPF 3 cyl.;;MT;175/70 R14 81 T
Skoda;Fabia Combi;AAA875;1.9L TDI 105 hp;;MT;185/60 R14
Skoda;Fabia;AAA876;1.9L TDI 105 hp;;MT;185/60 R14
Skoda;Fabia Sport;AAA877;1.9L TDI 105 hp;;MT;195/55 R15
Skoda;Fabia Combi Sport;AAA878;1.9L TDI 105 hp;;MT;195/55 R15
Skoda;Fabia;AAA879;1.6L 105 hp;;MT;185/60 R14
Skoda;Fabia Combi;AAA880;1.6L 105 hp;;MT;185/60 R14
Skoda;Fabia Sport;AAA881;1.6L 105 hp;;MT;195/55 R15
Skoda;Fabia Combi Sport;AAA882;1.6L 105 hp;;MT;195/55 R15
Skoda;Fabia Combi Sport;AAA883;1.6L 105 hp Tiptronic;;AT 6;195/55 R15
Skoda;Fabia Sport;AAA884;1.6L 105 hp Tiptronic;;AT 6;195/55 R15
Skoda;Roomster;AAA885;1.2L 70 hp 3 cyl.;;MT;195/55 R15
Skoda;Roomster;AAA886;1.4L 85 hp;;MT;195/55 R15
Skoda;Roomster Style;AAA887;1.4L 85 hp;;MT;195/55 R15
Skoda;Roomster;AAA888;1.6L 105 hp;;MT;195/55 R15
Skoda;Roomster Sport;AAA889;1.6L 105 hp;;MT;205/45 R16
Skoda;Roomster Sport;AAA890;1.6L 105 hp Tiptronic;;AT 6;205/45 R16
Skoda;Roomster Scoot;AAA891;1.6L 105 hp;;MT;205/40 R17
Skoda;Roomster Scoot;AAA892;1.6L 105 hp Tiptronic;;AT 6;205/40 R17
Skoda;Roomster;AAA893;1.4L TDI 70 hp 3 cyl.;;MT;195/55 R15
Skoda;Roomster;AAA894;1.4L TDI 80 hp 3 cyl.;;MT;195/55 R15
Skoda;Roomster Style;AAA895;1.4L TDI 80 hp 3 cyl.;;MT;195/55 R15
Skoda;Roomster;AAA896;1.9L TDI 105 hp;;MT;195/55 R15
Skoda;Roomster Sport;AAA897;1.9L TDI 105 hp;;MT;205/45 R16
Skoda;Roomster Scoot;AAA898;1.9L TDI 105 hp;;MT;205/40 R17
Skoda;Scoot;AAA899;1.8L TSI 160 hp;;MT 6;225/50 R17
Skoda;Scoot;AAA900;2.0L TDI 140 hp DPF;;MT 6;225/50 R17
Skoda;Octavia;AAA901;1.6L 102 hp;;MT;195/65 R15
Skoda;Octavia;AAA902;1.4L TSI 122 hp;;MT 6;195/65 R15
Skoda;Octavia;AAA903;1.4L TSI 122 hp DSG 7;;DCT 7;195/65 R15
Skoda;Octavia;AAA904;1.8L TSI 160 hp;;MT 6;205/55 R16
Skoda;Octavia;AAA905;1.8L TSI 160 hp DSG 7;;DCT 7;205/55 R16
Skoda;Octavia Laurin&Klement;AAA906;1.8L TSI 160 hp;;MT 6;225/45 R17
Skoda;Octavia Laurin&Klement;AAA907;1.8L TSI 160 hp DSG 7;;DCT 7;225/45 R17
Skoda;Octavia RS;AAA908;2.0L TSI 200 hp;;MT 6;225/45 R17
Skoda;Octavia RS;AAA909;2.0L TSI 200 hp DSG 6;;DCT 6;225/45 R17
Skoda;Octavia;AAA910;1.9L TDI 105 hp;;MT;195/65 R15
Skoda;Octavia;AAA911;1.9L TDI 105 hp DSG 6;;DCT 6;195/65 R15
Skoda;Octavia;AAA912;2.0L TDI 140 hp;;MT 6;205/55 R16
Skoda;Octavia;AAA913;2.0L TDI 140 hp DSG 6;;DCT 6;205/55 R16
Skoda;Octavia Laurin&Klement;AAA914;2.0L TDI 140 hp;;MT 6;225/45 R17
Skoda;Octavia Laurin&Klement;AAA915;2.0L TDI 140 hp DSG 6;;DCT 6;225/45 R17
Skoda;Octavia RS;AAA916;2.0L TDI CR 170 hp DPF;;MT 6;225/45 R17
Skoda;Octavia RS;AAA917;2.0L TDI CR 170 hp DPF DSG 6;;DCT 6;225/45 R17
Skoda;Octavia Combi;AAA918;1.4L TSI 122 hp;;MT 6;195/65 R15
Skoda;Octavia Combi;AAA919;1.4L TSI 122 hp DSG 7;;DCT 7;195/65 R15
Skoda;Octavia Combi;AAA920;1.8L TSI 160 hp;;MT 6;205/55 R16
Skoda;Octavia Combi;AAA921;1.8L TSI 160 hp DSG 7;;DCT 7;205/55 R16
Skoda;Octavia Combi Laurin&Klement;AAA922;1.8L TSI 160 hp;;MT 6;225/45 R17
Skoda;Octavia Combi Laurin&Klement;AAA923;1.8L TSI 160 hp DSG 7;;DCT 7;225/45 R17
Skoda;Octavia Combi RS;AAA924;2.0L TSI 200 hp;;MT 6;225/45 R17
Skoda;Octavia Combi RS;AAA925;2.0L TSI 200 hp DSG 6;;DCT 6;225/45 R17
Skoda;Octavia Combi;AAA926;1.9L TDI 105 hp;;MT;195/65 R15
Skoda;Octavia Combi;AAA927;1.9L TDI 105 hp DSG 6;;DCT 6;195/65 R15
Skoda;Octavia Combi;AAA928;1.9L TDI 105 hp 4x4;;MT 6;205/55 R16
Skoda;Octavia Combi;AAA929;2.0L TDI 140 hp;;MT 6;205/55 R16
Skoda;Octavia Combi;AAA930;2.0L TDI 140 hp DSG 6;;DCT 6;205/55 R16
Skoda;Octavia Combi Laurin&Klement;AAA931;2.0L TDI 140 hp;;MT 6;225/45 R17
Skoda;Octavia Combi Laurin&Klement;AAA932;2.0L TDI 140 hp DSG 6;;DCT 6;225/45 R17
Skoda;Octavia Combi RS;AAA933;2.0L TDI CR 170 hp DPF;;MT 6;225/45 R17
Skoda;Octavia Combi RS;AAA934;2.0L TDI CR 170 hp DPF DSG 6;;DCT 6;225/45 R17
Skoda;Octavia GreenLine;AAA935;1.6L TDI 105 hp DPF;;MT;0
Skoda;Superb;AAA936;1.4L TSI 125 hp;;MT 6;205/55 R16
Skoda;Superb;AAA937;1.8L TSI 160 hp;;MT 6;205/55 R16
Skoda;Superb;AAA938;1.8L TSI 160 hp DSG 7;;DCT 7;205/55 R16
Skoda;Superb;AAA939;1.8L TSI 160 hp 4x4;;MT 6;205/55 R16
Skoda;Superb Elegance;AAA940;1.8L TSI 160 hp;;MT 6;225/45 R17
Skoda;Superb Elegance;AAA941;1.8L TSI 160 hp DSG 7;;DCT 7;225/45 R17
Skoda;Superb Elegance;AAA942;1.8L TSI 160 hp 4x4;;MT 6;225/45 R17
Skoda;Superb;AAA943;3.6L V6 FSI 260 hp AT 4x4;;AT 6;225/45 R17
Skoda;Superb;AAA944;1.9L TDI 105 hp;;MT;205/55 R16
Skoda;Superb;AAA945;2.0L TDI 140 hp DPF;;MT 6;205/55 R16
Skoda;Superb;AAA946;2.0L TDI 140 hp DPF DSG 6;;DCT 6;205/55 R16
Skoda;Superb Elegance;AAA947;2.0L TDI 140 hp DPF;;MT 6;225/45 R17
Skoda;Superb Elegance;AAA948;2.0L TDI 140 hp DPF DSG 6;;DCT 6;225/45 R17
Skoda;Superb;AAA949;2.0L TDI 170 hp DPF;;MT 6;205/55 R16
Skoda;Superb;AAA950;2.0L TDI 170 hp DPF DSG 6;;DCT 6;205/55 R16
Skoda;Superb;AAA951;2.0L TDI 170 hp DPF DSG 6 4x4;;MT 6;205/55 R16
Skoda;Superb Elegance;AAA952;2.0L TDI 170 hp DPF;;MT 6;225/45 R17
Skoda;Superb Elegance;AAA953;2.0L TDI 170 hp DPF DSG 6;;DCT 6;225/45 R17
Skoda;Superb Elegance;AAA954;2.0L TDI 170 hp DPF DSG 6 4x4;;MT 6;225/45 R17
Seat;Ibiza (2006);AAA955;1.2L 64 hp 3 cyl.;;MT;195/55 R15
Seat;Ibiza (2006);AAA956;1.4L 75 hp;;MT;195/55 R15
Seat;Ibiza (2006);AAA957;1.4L 75 hp AT;;AT 4;195/55 R15
Seat;Ibiza (2006);AAA958;1.4L 100 hp;;MT;195/55 R15
Seat;Ibiza (2006) Sport;AAA959;1.4L 100 hp;;MT;205/45 R16
Seat;Ibiza (2006) FR;AAA960;1.8L T 150 hp;;MT;205/40 R17
Seat;Ibiza (2006) Cupra;AAA961;1.8L T 180 hp;;MT;205/40 R17
Seat;Ibiza (2006);AAA962;1.4L TDI 70 hp 3 cyl.;;MT;195/55 R15
Seat;Ibiza (2006);AAA963;1.4L TDI 80 hp 3 cyl.;;MT;195/55 R15
Seat;Ibiza (2006) Sport;AAA964;1.4L TDI 80 hp 3 cyl.;;MT;205/45 R16
Seat;Ibiza (2006);AAA965;1.9L TDI 100 hp;;MT;195/55 R15
Seat;Ibiza (2006) Sport;AAA966;1.9L TDI 100 hp;;MT;205/45 R16
Seat;Ibiza (2006) FR;AAA967;1.9L TDI 130 hp;;MT 6;205/40 R17
Seat;Ibiza (2006) Cupra;AAA968;1.9L TDI 160 hp;;MT 6;205/40 R17
Seat;Ibiza (2006) Ecomotive;AAA969;1.4L TDI 80 hp DPF 3 cyl.;;MT;165/70 R14
Seat;Ibiza SportCoupé;AAA970;1.2L 70 hp 3 cyl.;;MT;185/60 R15
Seat;Ibiza SportCoupé;AAA971;1.4L 85 hp;;MT;185/60 R15
Seat;Ibiza SportCoupé Sport;AAA972;1.4L 85 hp;;MT;215/45 R16
Seat;Ibiza SportCoupé;AAA973;1.6L 105 hp;;MT;185/60 R15
Seat;Ibiza SportCoupé;AAA974;1.6L 105 hp DSG 7;;DCT 7;185/60 R15
Seat;Ibiza SportCoupé Sport;AAA975;1.6L 105 hp;;MT;215/45 R16
Seat;Ibiza SportCoupé Sport;AAA976;1.6L 105 hp DSG 7;;DCT 7;215/45 R16
Seat;Ibiza SportCoupé FR;AAA977;1.4L TSI 150 hp DSG 7;;DCT 7;215/40 R17
Seat;Ibiza SportCoupé Cupra;AAA978;1.4L TSI 180 hp DSG 7;;DCT 7;215/40 R17
Seat;Ibiza SportCoupé;AAA979;1.4L TDI 80 hp DPF 3 cyl.;;MT;185/60 R15
Seat;Ibiza SportCoupé Ecomotive;AAA980;1.4L TDI 80 hp DPF 3 cyl.;;MT;175/70 R14
Seat;Ibiza SportCoupé;AAA981;1.6L TDI CR 90 hp DPF;;MT;185/60 R15
Seat;Ibiza SportCoupé Sport;AAA982;1.6L TDI CR 90 hp DPF;;MT;215/45 R16
Seat;Ibiza SportCoupé;AAA983;1.9L TDI 105 hp DPF;;MT;185/60 R15
Seat;Ibiza SportCoupé Sport;AAA984;1.9L TDI 105 hp DPF;;MT;215/45 R16
Seat;Ibiza;AAA985;1.2L 70 hp 3 cyl.;;MT;185/60 R15
Seat;Ibiza;AAA986;1.4L 85 hp;;MT;185/60 R15
Seat;Ibiza Sport;AAA987;1.4L 85 hp;;MT;215/45 R16
Seat;Ibiza;AAA988;1.6L 105 hp;;MT;185/60 R15
Seat;Ibiza;AAA989;1.6L 105 hp DSG 7;;DCT 7;185/60 R15
Seat;Ibiza Sport;AAA990;1.6L 105 hp;;MT;215/45 R16
Seat;Ibiza Sport;AAA991;1.6L 105 hp DSG 7;;DCT 7;215/45 R16
Seat;Ibiza;AAA992;1.4L TSI 150 hp DSG 7;;DCT 7;215/40 R17
Seat;Ibiza;AAA993;1.4L TDI 80 hp DPF 3 cyl.;;MT;185/60 R15
Seat;Ibiza Ecomotive;AAA994;1.4L TDI 80 hp DPF 3 cyl.;;MT;175/70 R14
Seat;Ibiza;AAA995;1.6L TDI CR 90 hp DPF;;MT;185/60 R15
Seat;Ibiza Sport;AAA996;1.6L TDI CR 90 hp DPF;;MT;215/45 R16
Seat;Ibiza;AAA997;1.9L TDI 105 hp DPF;;MT;185/60 R15
Seat;Ibiza Sport;AAA998;1.9L TDI 105 hp DPF;;MT;215/45 R16
Seat;Cordoba;AAA999;1.4L 85 hp;;MT;195/55 R15
Seat;Cordoba;AAA1000;1.4L TDI 80 hp;;MT;195/55 R15
Seat;Cordoba;AAA1001;1.9L TDI 100 hp;;MT;195/55 R15
Seat;Cordoba Sport;AAA1002;1.9L TDI 100 hp;;MT;205/45 R16
Seat;Leon;AAA1003;1.4L 85 hp;;MT;195/65 R15
Seat;Leon;AAA1004;1.6L 102 hp;;MT;195/65 R15
Seat;Leon;AAA1005;1.4L TSI 125 hp;;MT 6;205/55 R16
Seat;Leon Sport;AAA1006;1.4L TSI 125 hp;;MT 6;225/45 R17
Seat;Leon;AAA1007;1.8L TSI 160 hp;;MT 6;205/55 R16
Seat;Leon Sport;AAA1008;1.8L TSI 160 hp;;MT 6;225/45 R17
Seat;Leon Sport;AAA1009;1.8L TSI 160 hp DSG 7;;DCT 7;225/45 R17
Seat;Leon FR;AAA1010;2.0L TSI 211 hp;;MT 6;225/45 R17
Seat;Leon FR;AAA1011;2.0L TSI 211 hp;;DCT 6;225/45 R17
Seat;Leon Cupra;AAA1012;2.0L TSI 240 hp;;MT 6;225/40 R18
Seat;Leon;AAA1013;1.9L TDI 90 hp;;MT;195/65 R15
Seat;Leon Ecomotive;AAA1014;1.9L TDI 105 hp DPF;;MT;195/65 R15
Seat;Leon;AAA1015;1.9L TDI 105 hp DPF DSG 6;;DCT 6;205/55 R16
Seat;Leon;AAA1016;2.0L TDI 140 hp;;MT 6;205/55 R16
Seat;Leon Sport;AAA1017;2.0L TDI 140 hp;;MT 6;225/45 R17
Seat;Leon Sport;AAA1018;2.0L TDI 140 hp DSG 6;;DCT 6;225/45 R17
Seat;Leon FR;AAA1019;2.0L TDI CR 170 hp DPF;;MT 6;225/45 R17
Seat;Leon FR;AAA1020;2.0L TDI CR 170 hp DPF DSG 6;;DCT 6;225/45 R17
Seat;Altea;AAA1021;1.4L 85 hp;;MT;195/65 R15
Seat;Altea;AAA1022;1.6L 102 hp;;MT;195/65 R15
Seat;Altea Style;AAA1023;1.6L 102 hp;;MT;205/55 R16
Seat;Altea;AAA1024;1.4L TSI 125 hp;;MT 6;205/55 R16
Seat;Altea Sport;AAA1025;1.4L TSI 125 hp;;MT 6;225/45 R17
Seat;Altea;AAA1026;1.8L TSI 160 hp;;MT 6;225/45 R17
Seat;Altea;AAA1027;1.8L TSI 160 hp DSG 7;;DCT 7;225/45 R17
Seat;Altea;AAA1028;1.9L TDI 105 hp;;MT;195/65 R15
Seat;Altea Style;AAA1029;1.9L TDI 105 hp;;MT;205/55 R16
Seat;Altea;AAA1030;1.9L TDI 105 hp DSG 6;;DCT 6;205/55 R16
Seat;Altea;AAA1031;2.0L TDI 140 hp;;MT 6;205/55 R16
Seat;Altea Sport;AAA1032;2.0L TDI 140 hp;;MT 6;225/45 R17
Seat;Altea Sport;AAA1033;2.0L TDI 140 hp DSG 6;;DCT 6;225/45 R17
Seat;Altea Sport;AAA1034;2.0L TDI CR 170 hp DPF;;MT 6;225/45 R17
Seat;Altea XL;AAA1035;1.6L 102 hp;;MT;195/65 R15
Seat;Altea XL Style;AAA1036;1.6L 102 hp;;MT;205/55 R16
Seat;Altea XL;AAA1037;1.4L TSI 125 hp;;MT 6;205/55 R16
Seat;Altea XL Sport;AAA1038;1.4L TSI 125 hp;;MT 6;225/45 R17
Seat;Altea XL;AAA1039;1.8L TSI 160 hp;;MT 6;225/45 R17
Seat;Altea XL;AAA1040;1.8L TSI 160 hp DSG 7;;DCT 7;225/45 R17
Seat;Altea XL;AAA1041;1.9L TDI 105 hp;;MT;195/65 R15
Seat;Altea XL Style;AAA1042;1.9L TDI 105 hp;;MT;205/55 R16
Seat;Altea XL Style;AAA1043;1.9L TDI 105 hp DPF DSG 6;;DCT 6;205/55 R16
Seat;Altea XL;AAA1044;2.0L TDI 140 hp;;MT 6;205/55 R16
Seat;Altea XL Sport;AAA1045;2.0L TDI 140 hp;;MT 6;225/45 R17
Seat;Altea XL Sport;AAA1046;2.0L TDI 140 hp DSG 6;;DCT 6;225/45 R17
Seat;Altea XLSport;AAA1047;2.0L TDI CR 170 hp DPF;;MT 6;225/45 R17
Seat;Altea Freetrack;AAA1048;2.0L TDI 140 hp DPF;;MT 6;225/50 R17
Seat;Altea Freetrack;AAA1049;2.0L TDI 140 hp DPF 4x4;;MT 6;225/50 R17
Seat;Altea Freetrack;AAA1050;2.0L TDI 170 hp DPF 4x4;;MT 6;225/50 R17
Seat;Altea Freetrack;AAA1051;2.0L TSI 211 hp DSG 6 4x4;;DCT 6;225/50 R17
Seat;Toledo;AAA1052;1.6L 102 hp;;MT;205/55 R16
Seat;Toledo;AAA1053;2.0L FSI 150 hp;;MT 6;205/55 R16
Seat;Toledo Sport-up;AAA1054;2.0L FSI 150 hp;;MT 6;225/45 R17
Seat;Toledo;AAA1055;2.0L FSI 150 hp Tiptronic;;AT 6;205/55 R16
Seat;Toledo Sport-up;AAA1056;2.0L FSI 150 hp Tiptronic;;AT 6;225/45 R17
Seat;Toledo;AAA1057;1.9L TDI 105 hp;;MT;205/55 R16
Seat;Toledo;AAA1058;2.0L TDI 140 hp;;MT 6;205/55 R16
Seat;Toledo Sport-up;AAA1059;2.0L TDI 140 hp;;MT 6;225/45 R17
Seat;Toledo;AAA1060;2.0L TDI 140 hp DSG 6;;DCT 6;205/55 R16
Seat;Toledo Sport-up;AAA1061;2.0L TDI 140 hp DSG 6;;DCT 6;225/45 R17
Seat;Toledo;AAA1062;2.0L TDI 170 hp;;MT 6;205/55 R16
Seat;Toledo Sport-up;AAA1063;2.0L TDI 170 hp;;MT 6;225/45 R17
Seat;Exeo;AAA1064;1.6L 102 hp;;MT 6;205/55 R16
Seat;Exeo;AAA1065;1.8L 150 hp;;MT 6;205/55 R16
Seat;Exeo Sport;AAA1066;1.8L 150 hp;;MT;225/45 R17
Seat;Exeo;AAA1067;2.0L TSI 200 hp;;MT 6;225/45 R17
Seat;Exeo;AAA1068;2.0L TDI CR 143 hp DPF;;MT 6;205/55 R16
Seat;Exeo Sport;AAA1069;2.0L TDI CR 143 hp DPF;;MT 6;225/45 R17
Seat;Exeo;AAA1070;2.0L TDI CR 170 DPF hp;;MT 6;225/45 R17
Seat;Exeo ST;AAA1071;1.6L 102 hp;;MT 6;205/55 R16
Seat;Exeo ST;AAA1072;1.8L 150 hp;;MT 6;205/55 R16
Seat;Exeo ST Sport;AAA1073;1.8L 150 hp;;MT 6;225/45 R17
Seat;Exeo ST;AAA1074;2.0L TSI 200 hp;;MT 6;225/45 R17
Seat;Exeo ST;AAA1075;2.0L TDI CR 143 hp DPF;;MT 6;205/55 R16
Seat;Exeo ST Sport;AAA1076;2.0L TDI CR 143 hp DPF;;MT 6;225/45 R17
Seat;Exeo ST;AAA1077;2.0L TDI CR 170 DPF hp;;MT 6;225/45 R17
Seat;Alhambra;AAA1078;1.8L 150 hp;;MT 6;225/45 R17
Seat;Alhambra;AAA1079;1.9L TDI 115 hp;;MT 6;215/55 R16
Seat;Alhambra;AAA1080;1.9L TDI 115 hp Tiptronic;;AT 5;215/55 R16
Seat;Alhambra Sport +;AAA1081;1.9L TDI 115 hp Tiptronic;;AT 5;225/45 R17
Seat;Alhambra;AAA1082;1.9L TDI 115 hp 4x4;;MT 6;215/55 R16
Seat;Alhambra;AAA1083;2.0L TDI 140 hp;;MT 6;215/55 R16
Seat;Alhambra Ecomotive;AAA1084;2.0L TDI 140 hp;;MT 6;195/60 R16
Seat;Alhambra Sport +;AAA1085;2.0L TDI 140 hp;;MT 6;225/45 R17
Audi;A3;AAA1086;1.4L TFSI 125 hp;;MT 6;205/55 R16
Audi;A3 Ambiente;AAA1087;1.4L TFSI 125 hp;;MT 6;225/45 R17
Audi;A3;AAA1088;1.4L TFSI 125 hp S-tronic 7;;DCT 7;205/55 R16
Audi;A3 Ambiente;AAA1089;1.4L TFSI 125 hp S-tronic 7;;DCT 7;225/45 R17
Audi;A3;AAA1090;1.8L TFSI 160 hp;;MT 6;205/55 R16
Audi;A3 Ambiente;AAA1091;1.8L TFSI 160 hp;;MT 6;225/45 R17
Audi;A3;AAA1092;1.8L TFSI 160 hp S-tronic 7;;DCT 7;205/55 R16
Audi;A3 Ambiente;AAA1093;1.8L TFSI 160 hp S-tronic 7;;DCT 7;225/45 R17
Audi;A3 Ambiente;AAA1094;1.8L TFSI 160 hp quattro;;MT 6;225/45 R17
Audi;A3;AAA1095;2.0L TFSI 200 hp;;MT 6;205/55 R16
Audi;A3 Ambiente;AAA1096;2.0L TFSI 200 hp;;MT 6;225/45 R17
Audi;A3;AAA1097;2.0L TFSI 200 hp S-tronic 6;;DCT 6;225/45 R17
Audi;A3;AAA1098;2.0L TFSI 200 hp quattro S-tronic 6;;DCT 6;225/45 R17
Audi;S3;AAA1099;2.0L TFSI 265 hp quattro;;MT 6;225/40 R18 92 Y
Audi;S3;AAA1100;2.0L TFSI 265 hp quattro S-tronic 6;;DCT 6;225/40 R18 92 Y
Audi;A3;AAA1101;3.2L V6 250 hp quattro S-tronic 6;;DCT 6;225/45 R17
Audi;A3;AAA1102;1.9L TDIe 105 hp DPF;;MT;205/55 R16
Audi;A3 Ambiente;AAA1103;1.9L TDIe 105 hp DPF;;MT;225/45 R17
Audi;A3;AAA1104;1.9L TDI 105 hp;;MT;205/55 R16
Audi;A3 Ambiente;AAA1105;1.9L TDI 105 hp;;MT;225/45 R17
Audi;A3;AAA1106;1.9L TDI 105 hp DPF;;MT;205/55 R16
Audi;A3 Ambiente;AAA1107;1.9L TDI 105 hp DPF;;MT;225/45 R17
Audi;A3;AAA1108;1.9L TDI 105 hp DPF S-tronic 6;;DCT 6;205/55 R16
Audi;A3 Ambiente;AAA1109;1.9L TDI 105 hp DPF S-tronic 6;;DCT 6;225/45 R17
Audi;A3;AAA1110;2.0L TDI 140 hp DPF;;MT 6;205/55 R16
Audi;A3 Ambiente;AAA1111;2.0L TDI 140 hp DPF;;MT 6;225/45 R17
Audi;A3;AAA1112;2.0L TDI 140 hp DPF S-tronic 6;;DCT 6;205/55 R16
Audi;A3 Ambiente;AAA1113;2.0L TDI 140 hp DPF S-tronic 6;;DCT 6;225/45 R17
Audi;A3;AAA1114;2.0L TDI 140 hp DPF quattro;;MT 6;205/55 R16
Audi;A3 Ambiente;AAA1115;2.0L TDI 140 hp DPF quattro;;MT 6;225/45 R17
Audi;A3;AAA1116;2.0L TDI 170 hp DPF;;MT 6;205/55 R16
Audi;A3 Ambiente;AAA1117;2.0L TDI 170 hp DPF;;MT 6;225/45 R17
Audi;A3;AAA1118;2.0L TDI 170 hp DPF S-tronic 6;;DCT 6;205/55 R16
Audi;A3 Ambiente;AAA1119;2.0L TDI 170 hp DPF S-tronic 6;;DCT 6;225/45 R17
Audi;A3;AAA1120;2.0L TDI 170 hp DPF quattro;;MT 6;205/55 R16
Audi;A3 Ambiente;AAA1121;2.0L TDI 170 hp DPF quattro;;MT 6;225/45 R17
Audi;A3 Cabrio;AAA1122;1.6L 102 hp;;MT;205/55 R16
Audi;A3 Cabrio Ambition;AAA1123;1.6L 102 hp;;MT;225/45 R17
Audi;A3 Cabrio;AAA1124;1.8L TFSI 160 hp;;MT 6;205/55 R16
Audi;A3 Cabrio Ambition;AAA1125;1.8L TFSI 160 hp;;MT 6;225/45 R17
Audi;A3 Cabrio;AAA1126;1.8L TFSI 160 hp S-tronic 7;;DCT 7;205/55 R16
Audi;A3 Cabrio Ambition;AAA1127;1.8L TFSI 160 hp S-tronic 7;;DCT 7;225/45 R17
Audi;A3 Cabrio;AAA1128;2.0L TFSI 200 hp;;MT 6;205/55 R16
Audi;A3 Cabrio Ambition;AAA1129;2.0L TFSI 200 hp;;MT 6;225/45 R17
Audi;A3 Cabrio Ambition;AAA1130;2.0L TFSI 200 hp;;DCT 6;225/45 R17
Audi;A3 Cabrio;AAA1131;1.9L TDI 105 hp;;MT;205/55 R16
Audi;A3 Cabrio Ambition;AAA1132;1.9L TDI 105 hp;;MT;225/45 R17
Audi;A3 Cabrio;AAA1133;2.0L TDI 140 hp DPF;;MT 6;205/55 R16
Audi;A3 Cabrio Ambition;AAA1134;2.0L TDI 140 hp DPF;;MT 6;225/45 R17
Audi;A3 Cabrio;AAA1135;2.0L TDI 140 hp DPF S-tronic 6;;DCT 6;205/55 R16
Audi;A3 Cabrio Ambition;AAA1136;2.0L TDI 140 hp DPF S-tronic 6;;DCT 6;225/45 R17
Audi;TT;AAA1137;1.8L TFSI 160 hp;;MT 6;225/55 R16
Audi;TT;AAA1138;2.0L TFSI 200 hp;;MT 6;225/55 R16
Audi;TT;AAA1139;2.0L TFSI 200 hp S-tronic 6;;DCT 6;225/55 R16
Audi;TT;AAA1140;2.0L TFSI 200 hp quattro S-tronic 6;;DCT 6;225/55 R16
Audi;TT;AAA1141;3.2L V6 250 hp quattro;;MT 6;245/45 R17
Audi;TT;AAA1142;3.2L V6 250 hp quattro S-tronic 6;;DCT 6;245/45 R17
Audi;TTS;AAA1143;2.0L TFSI 272 hp quattro;;MT 6;245/40 R18 93 Y
Audi;TTS;AAA1144;2.0L TFSI 272 hp quattro S-tronic 6;;DCT 6;245/40 R18 93 Y
Audi;TT RS;AAA1145;2.5L 340 hp quattro 5 cyl.;;MT 6;245/40 R18 93 Y
Audi;TT;AAA1146;2.0L TDI 170 hp DPF quattro;;MT 6;225/55 R16
Audi;TT Roadster;AAA1147;1.8L TFSI 160 hp;;MT 6;225/55 R16 95 W
Audi;TT Roadster;AAA1148;2.0L TFSI 200 hp;;MT 6;225/55 R16 95 W
Audi;TT Roadster;AAA1149;2.0L TFSI 200 hp S-tronic 6;;DCT 6;225/55 R16 95 W
Audi;TT Roadster;AAA1150;2.0L TFSI 200 hp quattro S-tronic 6;;DCT 6;225/55 R16
Audi;TT Roadster;AAA1151;3.2L V6 250 hp quattro;;MT 6;245/45 R17 95 Y
Audi;TT Roadster;AAA1152;3.2L V6 250 hp quattro S-tronic 6;;DCT 6;245/45 R17 95 Y
Audi;TTS Roadster;AAA1153;2.0L TFSI 272 hp quattro;;MT 6;245/40 R18 93 Y
Audi;TTS Roadster;AAA1154;2.0L TFSI 272 hp quattro S-tronic 6;;DCT 6;245/40 R18 93 Y
Audi;TT RS Roadster;AAA1155;2.5L 340 hp quattro 5 cyl.;;MT 6;245/40 R18 93 Y
Audi;TT Roadster;AAA1156;2.0L TDI 170 hp DPF quattro;;MT 6;225/55 R16
Audi;A4;AAA1157;1.8L TFSI 120 hp;;MT 6;225/55 R16
Audi;A4;AAA1158;1.8L TFSI 120 hp multitronic;;hpT;225/55 R16
Audi;A4;AAA1159;1.8L TFSI 160 hp;;MT 6;225/55 R16
Audi;A4;AAA1160;1.8L TFSI 160 hp multitronic;;hpT;225/55 R16
Audi;A4;AAA1161;1.8L TFSI 160 hp quattro;;MT 6;225/55 R16
Audi;A4;AAA1162;2.0L TFSI 180 hp;;MT 6;225/55 R16
Audi;A4;AAA1163;2.0L TFSI 180 hp multitronic;;hpT;225/55 R16
Audi;A4;AAA1164;2.0L TFSI 211 hp;;MT 6;225/55 R16
Audi;A4;AAA1165;2.0L TFSI 211 hp multitronic;;hpT;225/55 R16
Audi;A4;AAA1166;2.0L TFSI 211 hp quattro;;MT 6;225/55 R16
Audi;A4;AAA1167;2.0L TFSI 211 hp quattro S-tronic 7;;DCT 7;225/55 R16
Audi;A4;AAA1168;3.2L V6 FSI 265 hp multitronic;;hpT;225/50 R17
Audi;A4;AAA1169;3.2L V6 FSI 265 hp quattro;;MT 6;225/50 R17
Audi;A4;AAA1170;3.2L V6 FSI 265 hp quattro tiptronic;;AT 6;225/50 R17
Audi;S4;AAA1171;3.0L V6 TFSI 333 hp quattro;;MT 6;245/40 R18
Audi;S4;AAA1172;3.0L V6 TFSI 333 hp quattro S-tronic 7;;DCT 7;245/40 R18
Audi;A4;AAA1173;2.0L TDI 120 hp DPF;;MT 6;225/55 R16
Audi;A4;AAA1174;2.0L TDI 143 hp DPF;;MT 6;225/55 R16
Audi;A4;AAA1175;2.0L TDI 143 hp DPF multitronic;;hpT;225/55 R16
Audi;A4;AAA1176;2.0L TDI 143 hp DPF quattro;;MT 6;225/55 R16
Audi;A4;AAA1177;2.0L TDI 170 hp DPF;;MT 6;225/55 R16
Audi;A4;AAA1178;2.0L TDI 170 hp DPF quattro;;MT 6;225/55 R16
Audi;A4;AAA1179;2.7L V6 TDI 190 hp DPF;;MT 6;225/55 R16
Audi;A4;AAA1180;2.7L V6 TDI 190 hp DPF multitronic;;hpT;225/55 R16
Audi;A4;AAA1181;3.0L V6 TDI 240 hp DPF quattro;;MT 6;225/55 R16
Audi;A4;AAA1182;3.0L V6 TDI 240 hp DPF quattro tiptronic;;AT 6;225/55 R16
Audi;A4 Avant;AAA1183;1.8L TFSI 120 hp;;MT 6;225/55 R16
Audi;A4 Avant;AAA1184;1.8L TFSI 120 hp multitronic;;hpT;225/55 R16
Audi;A4 Avant;AAA1185;1.8L TFSI 160 hp;;MT 6;225/55 R16
Audi;A4 Avant;AAA1186;1.8L TFSI 160 hp multitronic;;hpT;225/55 R16
Audi;A4 Avant;AAA1187;1.8L TFSI 160 hp quattro;;MT 6;225/55 R16
Audi;A4 Avant;AAA1188;2.0L TFSI 180 hp;;MT 6;225/55 R16
Audi;A4 Avant;AAA1189;2.0L TFSI 180 hp multitronic;;hpT;225/55 R16
Audi;A4 Avant;AAA1190;2.0L TFSI 211 hp;;MT 6;225/55 R16
Audi;A4 Avant;AAA1191;2.0L TFSI 211 hp multitronic;;hpT;225/55 R16
Audi;A4 Avant;AAA1192;2.0L TFSI 211 hp quattro;;MT 6;225/55 R16
Audi;A4 Avant;AAA1193;2.0L TFSI 211 hp quattro S-tronic 7;;DCT 7;225/55 R16
Audi;A4 Avant;AAA1194;3.2L V6 FSI 265 hp multitronic;;hpT;225/50 R17
Audi;A4 Avant;AAA1195;3.2L V6 FSI 265 hp quattro;;MT 6;225/50 R17
Audi;A4 Avant;AAA1196;3.2L V6 FSI 265 hp quattro tiptronic;;AT 6;225/50 R17
Audi;S4 Avant;AAA1197;3.0L V6 TFSI 333 hp quattro;;MT 6;245/40 R18
Audi;S4 Avant;AAA1198;3.0L V6 TFSI 333 hp quattro S-tronic 7;;DCT 7;245/40 R18
Audi;A4 Avant;AAA1199;2.0L TDI 120 hp DPF;;MT 6;225/55 R16
Audi;A4 Avant;AAA1200;2.0L TDI 143 hp DPF;;MT 6;225/55 R16
Audi;A4 Avant;AAA1201;2.0L TDI 143 hp DPF multitronic;;hpT;225/55 R16
Audi;A4 Avant;AAA1202;2.0L TDI 143 hp DPF quattro;;MT 6;225/55 R16
Audi;A4 Avant;AAA1203;2.0L TDI 170 hp DPF;;MT 6;225/55 R16
Audi;A4 Avant;AAA1204;2.0L TDI 170 hp DPF quattro;;MT 6;225/55 R16
Audi;A4 Avant;AAA1205;2.7L V6 TDI 190 hp DPF;;MT 6;225/55 R16
Audi;A4 Avant;AAA1206;2.7L V6 TDI 190 hp DPF multitronic;;hpT;225/55 R16
Audi;A4 Avant;AAA1207;3.0L V6 TDI 240 hp DPF quattro;;MT 6;225/55 R16
Audi;A4 Avant;AAA1208;3.0L V6 TDI 240 hp DPF quattro tiptronic;;AT 6;225/55 R16
Audi;A4 (2009);AAA1209;2.0L TDI e 136 hp DPF;;MT 6;205/60 R16
Audi;A4 Allroad;AAA1210;2.0L TDI 143 hp DPF quattro;;MT 6;225/55 R17
Audi;A4 Allroad;AAA1211;2.0L TDI 170 hp DPF quattro;;MT 6;225/55 R17
Audi;A4 Allroad;AAA1212;3.0L V6 TDI 240 hp DPF quattro;;MT 6;225/55 R17
Audi;A4 Allroad;AAA1213;3.0L V6 TDI 240 hp DPF quattro S-tronic 7;;DCT 7;225/55 R17
Audi;A4 Allroad;AAA1214;2.0L TFSI 211 hp quattro;;MT 6;225/55 R17
Audi;A4 Allroad;AAA1215;2.0L TFSI 211 hp quattro S-tronic 7;;DCT 7;225/55 R17
Audi;A5;AAA1216;2.0L TFSI 180 hp;;MT 6;225/50 R17
Audi;A5;AAA1217;2.0L TFSI 180 hp multitronic;;hpT;225/50 R17
Audi;A5;AAA1218;2.0L TFSI 211 hp;;MT 6;225/50 R17
Audi;A5;AAA1219;2.0L TFSI 211 hp multitronic;;hpT;225/50 R17
Audi;A5;AAA1220;2.0L TFSI 211 hp quattro;;MT 6;225/50 R17
Audi;A5;AAA1221;2.0L TFSI 211 hp quattro S-tronic 7;;DCT 7;225/50 R17
Audi;A5;AAA1222;3.2L V6 FSI 265 hp multitronic;;hpT;225/50 R17
Audi;A5;AAA1223;3.2L V6 FSI 265 hp quattro;;MT 6;225/50 R17
Audi;A5;AAA1224;3.2L V6 FSI 265 hp quattro tiptronic;;AT 6;225/50 R17
Audi;A5;AAA1225;2.0L TDI 170 hp DPF;;MT 6;225/50 R17
Audi;A5;AAA1226;2.0L TDI 170 hp DPF quattro;;MT 6;225/50 R17
Audi;A5;AAA1227;2.7L V6 TDI 190 hp PDF;;MT 6;225/50 R17
Audi;A5;AAA1228;2.7L V6 TDI 190 hp PDF multitronic;;hpT;225/50 R17
Audi;A5;AAA1229;3.0L V6 TDI 239 hp DPF quattro;;MT 6;225/50 R17
Audi;A5;AAA1230;3.0L V6 TDI 239 hp DPF quattro tiptronic;;AT 6;225/50 R17
Audi;S5;AAA1231;4.2L V8 350 hp quattro;;MT 6;245/40 R18
Audi;S5;AAA1232;4.2L V8 350 hp quattro tiptronic;;AT 6;245/40 R18
Audi;A5 Cabrio;AAA1233;2.0L TFSI 180 hp multitronic;;hpT;225/50 R17
Audi;A5 Cabrio;AAA1234;2.0L TFSI 211 hp;;MT 6;225/50 R17
Audi;A5 Cabrio;AAA1235;2.0L TFSI 211 hp multitronic;;hpT;225/50 R17
Audi;A5 Cabrio;AAA1236;2.0L TFSI 211 hp quattro S-tronic 7;;DCT 7;225/50 R17
Audi;A5 Cabrio;AAA1237;3.2L V6 FSI 265 hp multitronic;;hpT;225/50 R17
Audi;A5 Cabrio;AAA1238;3.2L V6 FSI 265 hp quattro S-tronic 7;;DCT 7;225/50 R17
Audi;A5 Cabrio;AAA1239;2.0L TDI 170 hp DPF;;MT 6;225/50 R17
Audi;A5 Cabrio;AAA1240;2.7L V6 TDI 190 hp PDF;;MT 6;225/50 R17
Audi;A5 Cabrio;AAA1241;2.7L V6 TDI 190 hp PDF multitronic;;hpT;225/50 R17
Audi;A5 Cabrio;AAA1242;3.0L V6 TDI 239 hp DPF quattro S-tronic 7;;DCT 7;225/50 R17
Audi;S5 Cabrio;AAA1243;3.0L V6 TFSI 330 hp;;DCT 7;245/40 R18
Audi;Q5;AAA1244;2.0L TDI 170 hp DPF quattro;;MT 6;235/65 R17
Audi;Q5;AAA1245;2.0L TDI 170 hp DPF quattro S-tronic 7;;DCT 7;235/65 R17
Audi;Q5;AAA1246;3.0L V6 TDI 239 hp DPF quattro S-tronic 7;;DCT 7;235/60 R18
Audi;Q5;AAA1247;2.0L TFSI 211 hp quattro;;MT 6;235/60 R18
Audi;Q5;AAA1248;2.0L TFSI 211 hp quattro S-tronic 7;;DCT 7;235/60 R18
Audi;Q6;AAA1249;3.2L V6 FSI 265 hp quattro S-tronic 7;;DCT 7;235/60 R18